word.freq.remove,word.freq.order,word.freq.free,word.freq.meeting,word.freq.re,word.freq.edu,char.freq.semicolon,char.freq.exclamation,capital.run.length.average,y
0,0,0,0,0.53,0,0,0,1.142,0
0,0,0,0,0,0,0.029,0.416,1.373,1
0,0,0,0,0,0,0,0,1.375,0
0,0,0.75,0,0,0,0,0.415,1.937,1
0,0,0,0,0,0,0,0.407,3.417,1
0,0,0,0,0.91,0.91,0,0.13,2.457,0
0,0,0,0,1.29,2.58,0,1.16,3.121,0
0,0,0,0,0,0,0,1.282,1,0
0,0,0,0,0,0,0,2.362,3.384,1
0,0,0,0,0,0,0,0,1,0
0,0,0,0,0,0,0,0,2.06,0
0,0,0,0,0,0,0,0,1.848,0
0,0,0,0,0,0,0,0,1.625,0
0,0,0,0.47,0,0,0,0,1.884,0
0,0,2.94,0,0,0,0.404,0.809,4.857,1
0,0,0,0,1.88,0,0,0.366,2,0
2.2,0,0,0,0.55,0,0,0.495,16.826,1
0,0,0,0,0,0,0,0,1.768,0
0,0,0,0,0.72,0,0,0,1.897,0
0.45,0,0.22,0,0,0,0,0.037,13.936,1
0,0,0,0,0.28,0,0,0,1.962,0
0,0.68,0,0,0,0,0,0.902,664,1
0,0.29,0.32,0,0.07,0,0.016,0.638,3.697,1
2.04,0,0,0,0,0,0,0.309,2.111,1
0,0,0,0.73,0,0,0,0.149,10.012,0
1.2,1.2,0,0,0,0,0,0.331,50.166,1
0.86,0,0.86,0,0,0,0,0.457,2.75,1
0.32,0,0.32,0,0.32,0,0,0,1.494,1
0,0,4.97,0,0,0,0,0.17,1.468,1
0.08,0.08,0.08,0,0.17,0,0,0.287,3.314,1
0,0,0,0,0,0,0.098,0,2.324,0
0,0,0,0,0,0,0,0,1,0
0,0.66,0,0,0,0,0,0.023,8.76,0
0,0.8,0,0,0,0,0,0,1.166,0
0,0,0,0.11,0,0,0.053,0,2.367,0
0,0.75,0,0,0,0,0,2.224,107.4,1
0,0.52,0,0,0.1,0,0.223,0,2.725,0
0,0,0,5.55,0,0,0,0,1.375,0
0.25,0.59,0.25,0,0.08,0.08,0,0.42,7.497,1
0,0,0,0,0,0,0,0.311,1.954,1
1.25,0,6.25,0,0,0,0,0,1,1
0,0,0,0,0.33,0.33,0,0.174,2.071,0
0,0,0,0,0,0,0,0.333,1.666,0
0,0,0,0,0,0,0,0,1.666,0
0,0,0,0,0,0,0,0,2,0
0.5,0.8,0.1,0,0.1,0.1,0,0.49,8.55,1
0,0.09,0,0,0,0,0.765,5.831,6,1
0,0,0.38,0,0,0,0.068,0.019,3.389,1
0,0,0,0,0,0,0,0,1.89,0
0,0,0,0,3.03,0,0,0,1.272,0
0,0,0,0,0,0,0,3.448,2.666,1
0,0,0,0,0,0,0,0.816,3.173,1
0,0,0,0,0,0,0,3.571,1,0
0,0,0.77,0,0.77,0,0,0.672,2.794,1
0,0,0,0,0,0,0,0,4.223,0
0,0,0,0,0,0,0,0,1.373,0
0,0,0,0,0,0,0,0.596,2.133,0
0.35,0,0.7,0,0,0,0,0.397,3.388,1
0,0,0,0,0,0,0.109,0,1.411,0
0,0,0,0,0,0,0,0,4.413,0
0.59,0,0,0,0.59,0,0,0.052,2.886,1
0,0,0,0,0,3.12,0,0,1,0
0,0,0.32,0,0,0,0,0.622,1.25,1
0,1.15,0.11,0,0,0,0.048,0,3.275,0
0.05,0.44,0.26,0,0.02,0,0,0.344,6.094,1
0,0,0,0,0,0.86,0,0,3.103,0
0,0,0,0,0,2.77,0,0,1,0
0,0,0.45,0,0.22,0,0.153,0,2.47,1
0.96,0,0,0,0,0,0,0.462,1.312,1
1.05,0,3.15,0,0,0,0,0.74,4.947,1
0.32,0,0.32,0,0.32,0,0,0,1.537,1
0.1,0.2,0.91,0,0,0,0,0.297,6.8,1
0.13,0.13,0,0,0,0,0,0.021,1.728,1
0.09,0.55,0,0,0.09,0,0,0.341,7.273,1
0,0,0,2.22,0,0,0,0.181,1.285,0
0,0,1.05,0,1.05,0,0,0.365,3.343,1
0.21,0,0.14,0,0,0,0,0.372,5.114,1
0,0,0,0,0,0,0.215,0,2.221,0
0,0,20,0,0,0,0,0,1,0
0,0,0,0,0,0,0,6.387,1.131,0
0,0,0,0,0,0,0,0.218,1.827,1
0,0,0,0,0,0,0,0,1.687,0
0,0,3.34,0,0,0,0,0.878,5.985,1
0,0,0,0,0,0,0,0.649,5.875,1
0.68,0,0.34,0,0,0,0,0.048,1.411,0
0,0,1.25,0,0,0,0,0,1.2,1
0.45,0,0,0,0,0,0,0.21,2.368,1
0.57,0,1.72,0,0,0,0,0.19,6.584,1
0,0,0,0,0,0.46,0,0,1.117,0
0,0,0,0,0.87,0,0.327,0,1.3,0
0,0,0,0,0,0,0,1.123,2.6,0
0,0,0.07,0.07,0.07,0,0,0,1.588,0
0,0,0,0,0,0,0.012,0,2.188,0
0,0,0,0,0,0.42,4.385,0.071,6.822,0
0,0,1.19,0,0,0,0,0.403,9.785,1
0,0,0,0,0,0,0,0,1.437,0
0,0,0,0,0,0,0.135,0,1.915,0
0,0,0,1.27,0,0,0.028,0,2.457,0
0,0,0,0,0,0,0,0,4.818,1
0,0,0,0,0.91,0,0,0,1.918,0
0,0,0,0,0,0,0,0,6.428,0
0,0,0,0.58,0.58,1.16,0,0.082,2.674,0
0,0,0,0,0,2.89,0,0.954,9.125,0
0,0,0,0,0.25,0,0,0,1.196,0
0,0,0,0,0,0,0,0,1,0
0,0,0,0,1.69,0,0,0,3.083,0
0,0,0,0,1.4,0,0,0.1,1.682,0
0,0,0,0,0.74,0,0,0,2.638,0
0.64,0,0,0,0.64,0,0,0.921,1.833,1
0,0,0,0,0.38,0,0,0.276,1.104,0
0,0,0,0,0,0,0,0,1,0
0.04,0.4,0.23,0,0.02,0,0,0.311,5.328,1
0,0,0,0,0,0,0,0,1.8,0
0,0,0,0,0,0,0.058,0.087,1.54,1
0,0.43,0,0,0,0,0.075,0,5.086,1
0,0,0,0,0,0,0,0,1.6,0
0,0,0,0,0,0,0,0,1,0
0,0,0,0,0,0,0,0,1.636,0
0,0,0,0.83,0,0.83,0,0,3.137,0
0.45,0.9,1.81,0,0.45,0,0,0.64,3.607,1
0,0,0,0,1.17,0,0,0.203,4.133,1
0.08,0.08,0,0,0,0,0,0.092,4.16,1
0,0,0,0,0,0,0.305,1.529,5.5,1
0,0,0,0,0,0,0,0,2.575,0
0.19,0,0,0,0,0,0.015,0.061,3.626,1
0,0,0,0,0.66,0,0,0,1.153,0
0,0,2.22,0,0,0,0,0,1.583,0
0,0,0,0,0,0.35,0,0,1.27,0
0,0,0,0,0,0,0,0.072,2.847,0
0,0,0,0,0,0,0,0.11,1.812,0
0.45,0,0,0,0,0,0,0.072,7.857,1
0,0,0,0,0,0,0,0.164,1.391,0
0.41,0,1.65,0,0,0,0,0.904,7.478,1
0,0,0,0,0,0,0,7.843,1.666,1
0,0.75,0.37,0,0,0,0,0.437,3.675,1
0,0,0,4.08,0,0,0,0,1.1,0
0.6,0,0,0,0,0,0,0,1.583,1
0.1,0.1,0,0,0,0,0,0.016,1.915,1
0,0,0,5.12,0,0,0,0,4.368,0
0,0,0,0,0,0,0,0,2.862,0
0,0,0,0,0,0,0.048,0,2.147,0
0,1.08,0,0,0,0,0.117,0,4.134,0
0.5,0.8,0.1,0,0.1,0.1,0,0.49,8.55,1
0,0,0,0,0.56,0.37,0.033,0.099,1.489,0
0,0,0,0,0.44,0.44,0,0,1.613,0
0,0,0,0,0,0,0,0.874,5.114,1
0,0,0,0,0,0,0,0,1.833,0
0,0,0,0,0,0,0,0,1,0
0,0,0,0,0,0,0,0,1,0
0,0,0,0,2.85,0,0,0,1,0
0,0,0,0,1.1,0,0,0.633,1.386,0
0,0,0,0.76,2.29,0,0,0.127,1.755,0
0.44,0.79,0.62,0,0.08,0,0,0.225,6.725,1
0,0,0,0,1.42,0,0,0,1,0
0,0,0,0,0,0,0,0,1.6,0
0,0,0,0,0,0,0,0,1.483,0
0,0,0,0,0,0,0,0,1.75,0
0,0,0.06,0,0.06,0,0.028,0,2.423,0
0,0,0,0,0,0,0,0,1.586,0
0,0,0,0,0,0,0,0,1.136,0
0.91,0,0.91,0,0,0,0,0.455,2.842,1
0,0,0,0,0,0,0,0,1,0
0,0,0,0,0,0,0,0,1.72,0
0,0.51,0,0,0,0,0.209,0,3.764,0
0,0,0.32,0,0,0,0,0.778,3.756,1
0,0,0,0,0,0,0,0,1.5,0
7.27,0,0,0,0,0,0,0.291,2.444,1
0,0,0,0,3.57,3.57,0,0,1.454,0
0,0,0,0,0,0,0,0,1.666,0
0.33,0.33,0,0,0,0,0,1.027,4.984,0
0,0.06,0.06,0.06,0,0,0.008,0,1.972,0
0.23,0,0,0,0,0,0.073,0,3.184,0
0,0,0,0.44,0,0,0,0,3.901,0
0,0,0,0,0,0.39,0,0.284,1.565,0
0,0,0,0,1.31,0,0,0,1.75,0
0,0.5,0,0,0,0,0.073,0,2.787,0
0,0,1.11,0,0,0,0,0.484,8.375,1
0,0,0,0,1.18,0,0.119,0,2.565,0
0,1.15,0.19,0,0,0,0.027,0.438,14.619,1
0.06,0,0.26,0,0,0,0.036,0.278,3.887,1
0,0.72,0.36,0,0.36,0,0,1.203,18.4,1
0.87,0,2.63,0,0,0,0,0.798,18.454,0
0,0,0,0,0,1.04,0,0.09,1.466,0
0,0,0,0,0,0,0,0,1.428,0
0,0,0,0,0,0,0,0,4.818,1
0,0,0,0,0,0,0,0,2.5,0
0,0,0,0,0,0,0,0,2.533,0
0,0.82,0.08,0,0.08,0,0.221,0,2.816,0
0,0,0,0,2.22,0,0,0.383,1.333,0
0,0,0,0,1.11,0.37,0,0,1.488,0
0,0,0,0,0,0,0,0,1,0
0,0,0,0,3.03,0,0,0,2.769,0
0,0,0.55,0,0.55,0,0,0.893,2.122,1
0,0,0,0.11,0.23,0,0,0,1.486,0
0,0,0,0,0,0,0,0,1.75,0
0,0,0,0,0.33,0,0.168,0.224,4.115,0
0,0,0,0,0,0,0,0.145,1.342,0
0,0,0,0,0,0,0,0,1.062,0
0.14,0.57,0.86,0,0,0,0,0.826,5.456,1
0,0,0.47,0,0,0,0,0,7.18,1
0,0,0,0,0,0,0,0.125,7.054,1
0,0,0,0,0,0,0,0,4.308,0
0,0,0,0,0,0,0,0,1,0
0,0,0,0,0,0,0,0,1.5,0
0,0.15,0,0,0,0,0.023,0,2.677,0
0.72,0,0,0,0,0,0,0.134,3.066,1
0,0,0,0,0,0,0,0,1.695,0
0,0,0,0,0,0,0,1.096,1.916,1
0,0,0,0,0,0,0,0,2.094,0
0.14,0,0.14,0,0.14,0,0,0.865,5.133,1
0,0.1,0,0,0.05,0,0,0.054,2.37,1
0.02,0.42,0.16,0,0.02,0,0,0.391,5.783,1
0.57,0,0,0,0,0,0,0.518,10.117,1
0,0.04,0,0.02,0,0.26,0.005,0.031,2.246,0
0,0,0.55,0,0.55,0,0,0.683,2.338,1
0,1.36,1.36,0,0,0,0,1.777,9.727,1
0,0,0,0,0,0,0,0,1.75,0
0.9,0,1.81,0,0,0,0,1.492,5.3,1
0,0,7.35,0,0,0,0,1.272,6.055,1
0,0,0,0,0.06,0,0.028,0,2.341,0
0.14,0.42,0,0,0,0,0,0.045,14.88,1
0,0,0,0,0,0,0,0.176,1.758,0
0,0,0,0,0.39,0,0,0,2.5,1
0,0,0.43,0,0.43,0,0,1.133,1.2,1
0,0,0,0,6.66,0,0,1.149,1.5,0
0,0,1.34,0,0,0,0,0,2.25,1
0,0,0,0,0,0,0,0,1.407,0
0,0,0,0,0,0,0,0,3.444,0
1.66,0,0,0,0,0,0,0.368,2.611,1
0,0,0,0,0,0.86,0,0.457,1.192,0
0,0.35,2.1,0,0,0,0,0.348,1.166,1
0,0,0,0,0,0,0,0,1.8,0
0,0,0,0,0,0,0,0,1.533,0
0,0,0,0,0.4,0,0,0,1.156,0
0.1,0,1.94,0,0,0,0,0.518,8.181,1
0,0,0,0,1.49,0,0,1.069,1,0
0,0.31,1.25,0,0.31,0,0,0.485,3.322,1
0,0,2,0,0,0,0,0.384,8.851,1
0,0,0,0,0,0,0,0,1.488,0
0.86,0,0.86,0,0,0,0,0.759,2.75,1
0.05,0.46,0.11,0,0.08,0,0,0.363,6.171,1
0,0,0,0,0,0,0,0,1,0
0,0,0,0,0,0,0,0.8,1.5,0
0,0,0,0,5.26,0,0,0,1,0
0,0,0,0,0,0.25,0,0,1.287,0
0,0.33,0,0,0,0,0.056,0.056,1.866,0
0.5,0,0,0,0,0,0,0.433,2.441,1
0,0,0,0,0,0,0,1.088,5.714,1
0,0,1.05,0,0.35,0,0,1.284,3.639,1
0.36,0,0,0,0,0,0,0,6.685,1
0,0.06,0.06,0,0,0,0,0.1,2.062,0
0,0,0,0,1.35,0,0,0,1.913,0
0,0,0,0,0.31,0.31,0,0,1.142,0
0,0,0,0,0.68,0,0.104,0,2.102,0
0,1.16,0,0,0,0,0,0,1.2,0
0,0.3,0.25,0,0.15,0,0.014,0.022,1.979,0
0,0,0,0,0.39,0.39,0,0,2.51,0
0,0,0,0,0,0,0,0,2.187,0
0,0,0,1.17,0,0,0,0.361,1.652,0
0,0,0,0,0,0,0,0.084,3.2,1
0,0,0,0,0,0,0,0,2.666,0
0,0,0,0,1.03,0,0,0.51,3.761,1
0,0,0,0,0,0,0,0,1,0
0,0,0,0,0,0,0,0,1.888,0
0,0.4,0,0,0,3.68,0.139,0.069,2.525,0
0,0,0,0,0,0,0,0,2.5,0
0,0,0.52,0.52,0,0,0,0.175,1.093,0
0,0,0,0,0,0,0.071,0.095,62.75,1
0,0,0,0,0,0,0,0,1.268,0
0,0.05,0.11,0.11,0.05,0,0.025,0.042,2.031,0
1.66,0,3.33,0,0,0,0,1.424,24.333,1
0.64,0.32,0.32,0,0.64,0,0,0,1.752,1
0,0,0,1.21,0,1.82,0,0,6.09,0
0,0.4,0,0,0,0.4,0,0,1.84,0
0,0,0,0,0,0,0.299,0.149,1.04,0
0,0,0,0,0,0,0,0,2.675,1
0.76,0,0,0,0,0,0,0.274,11.035,1
0.18,0,0,0,0,0,0,0.455,1.32,1
0.46,0,0,0,0.46,0,0,0,2.676,1
0,0,0,0,0,0,0,0,2.391,0
0,0,0,0,0,0,0,0,1,0
0,0,0,0.9,0,0,0,0,1.515,0
0,0,0,0,7.69,0,0,0,1.333,0
0,0,0,0,0,0,0,2.865,5.037,1
0,0.91,0,0,0,0,0,0.531,2.9,1
0,0.48,0,0,0.24,0,0,0,2.364,0
0,0.66,1.98,0,0,0,0,0.44,1.382,0
0,0,0,0,0,0,0,0,3.787,0
0,0,0,0,0,0,0,4.733,2.666,1
0,0,0,0,0.8,0,0,0,2.44,0
0.08,0.08,0.08,0,0.17,0,0,0.263,3.076,1
0,0,0,0,0.96,0,0.264,0.052,2.258,0
0,0,0,0,0.35,0,0,0.24,3.414,1
0.58,0,0.58,0,0.39,0,0,0.067,3.015,1
0.62,0,0.62,0,0,0,0,0.456,2.52,1
0,0,0,0,1.69,0,0,0.552,1.461,0
0.3,0.92,0,0,0,0,0,0.181,9.744,1
0,0,0,2.85,0,0,0,0.436,3.071,0
0.33,0.16,0,0,0,0,0,1.151,4.928,1
0,0.32,0,0,0.39,0,0,0,1.571,0
0.63,0,0.63,0,0,0,0.1,0.501,2.458,1
0,0,0,0,0,0,0,0,1,0
0,0,0,0,0,1.58,0,0.287,1.076,0
0.13,0,0.13,0,0,0,0,0.366,7.138,1
0,0,0,0,0.18,0,0,0,2.188,0
0,0,0,0,0.5,0,0.08,0,1.712,0
0,0,0,0,0,0,0,0.408,6.187,0
0,0.67,0.22,0,0,0,0.064,0.129,7.258,1
0.8,0,0.8,0,0,0,0,0.27,3.115,1
0,0,0,0,0.44,0,0,0,2.588,0
0,0,0,2.35,2.35,0,0,1.156,1.7,0
0,0.57,0.23,0,0.03,0,0.011,0.335,7.202,1
0,0.87,0,0,0,0,0.173,0,3.704,0
0.17,0.17,0,0,0,0,0,1.158,5.163,1
1.01,0,1.26,0,0.25,0,0,0.189,8.972,1
0,0,0,0,0,0,0,0.203,2.541,0
0,0,0,8.33,0,0,0,0,1,0
0,0,0,3.84,0,0,0,0,2.034,0
0,0,0,0,0,0,0,0,2.823,1
0,0,0.8,0,0,0,0,0.511,2.909,1
0,0,0,0,0,0,0,0,1,0
0,0,0,0,0,0,0,0,1.047,0
0,0,0,0,0,0,0,0,4.23,1
0,0,0,0,0,0,0,0,1,0
0,0,0,0,1.14,0,0,0,1.19,0
0,0,0,0,0,0,0,0,4.062,0
0.7,0,0.7,0,0.35,0,0,0.367,1.88,1
0,0,0,0,0.81,0,0,0.143,1.055,0
0,0.29,0.32,0,0.07,0,0.016,0.639,3.697,1
0,0.29,0.32,0,0.07,0,0.016,0.639,3.697,1
0.87,0,0,0,0.43,0,0,1.021,3.35,1
0,0,0,0,0,0,0,0,1.6,0
0,0,0,0,0,0,1.001,0,2.701,0
0,0,0,0,0,0,0,0,2.057,0
0.41,0,0.41,0.2,0.83,0,0,0.866,5.052,0
0,0,0,0,0.81,0,0,0,1.125,0
0,0,0,0,0,0,0,0.238,2.232,1
0,0,0,2.5,0,0,0,0,1,0
0,0,0,0,0,2.89,0,0.564,1,0
0.3,0,0,0,0.15,0,0,0,1.703,0
0,0,0,0,0,0,0,0,2.565,0
0,0,0,0,0,0,0,0,3.125,0
0.11,0.22,0.44,0,0.44,0,0,0.775,5.782,1
0,0,0,0,0,0,0.305,1.529,5.5,1
0,0,0.29,0,0.58,0,0.055,0,1.122,0
0,0,0,0,0.09,5.74,1.353,0.016,1.679,0
0,0,0,0,0,0,0,0,1,0
0,0,0,0,1.09,0,0,0,2.304,0
0,0,0,1.72,1.72,0,0,0,1.2,0
0,0,0,0,0,0,0.166,0,1.428,0
0,0,2.4,0,0,0,0,0.235,1.38,0
0.16,0,0,0,0,0,0,0.08,2.015,1
0,0,0,0,0,0,0,0.211,1,0
0,0,0,0,0,0,0,0,1,1
0,0.66,0.22,0,0,0,0.065,0.13,7.4,1
0,0,0,0,0,0.59,0,0,1,0
1.12,0,0.37,0,0,0,0,0.223,2.021,1
0,0,0,0,0,0,0,2.766,5.607,1
0,0,0,0,0,0,0,0,3.333,0
0,0,0,0,0,0,3.672,0.06,7.464,0
0,1.2,0,0,0,0,0,0.855,4.152,1
0.9,0,0.9,0,0,0,0,0.391,2.15,1
0,0,0,0,0,0,0,0.216,1,0
0,0,0,0,0,0,0,0,2.75,0
0.86,0,0,0,0.86,0,0,0,4.541,1
0,0,0,0,1.63,0,0,0,2.333,0
0,0,0,0,1.33,0,0,0.417,3.812,1
0,0,0,0,0.82,0,0,0.164,1.279,0
0,0,0,0,0,0,0,0,1.8,0
0,0,0,0,0,0,0,0,1.8,0
0.34,0,2.04,0,0,0,0,0.215,6.978,1
0,0,0,0,0,0,0,0,1.071,0
0,0,0,0,0,0,0,0,1.88,0
0,0,0,0,0,0,0,0,1,1
0,0,0.62,0,0,0,0,1.055,2.033,1
0,0.48,0,0,0.05,0,0.172,0,2.758,0
0.25,0,0.5,0.25,0,0,0,0.082,1.89,1
0,0,0,0,0,0,0.309,0.154,3.304,0
0.32,0.32,0,0,0,0,0,0,5.633,0
0,0,0,0,0,0,0,0,1.5,0
0,0,1.61,0,0,0,0,0,2.405,0
0,0,0,0,0,0,0,0,1.827,0
0,0,0,0,0,0,0,0,3.651,0
0,0,0,0,0.58,0,0.188,0,2.246,0
0,0,0,0,1.17,0,0,0.886,1.966,1
0,0,0,0,0,0,0,0,3.333,0
0,0,0,0,0,0,0,0,5.5,0
0,0,2.5,0,0,0,0,0.111,1.672,1
0,0,0,0,0,0,0,0.185,10.585,1
0,0,0,0.71,0,0,0,0.055,15.333,0
0,0,0,0,2.56,2.56,0,0,3.333,0
0,0.09,0,0,0,0,0.778,5.213,5.781,1
0.44,0.22,0.44,0,0,0,0,0.563,86.65,1
0,0,0,0,0.24,0.49,0,0.037,2.367,0
0,0,0,0.77,0,0,0,0,1.156,0
0,0,0,0,0.59,1.19,0,0.212,1.7,0
0,0,0,0,0,0,0,0,1.181,0
0.08,0.08,0,0,0,0,0,0.098,4.049,1
0,0,0,0,0,0,0,0,2.208,0
2.22,0,0,0,0,0,0,0,3,1
0,0,0,0,0,0,0,0,20,0
1.07,0.26,0,0,0.8,0,0,0.324,7.369,1
0,0,0,0,0,0,0,0,1,0
0,0,0.26,0,0.53,0,0.174,0.043,2.879,0
0,0,0,0,0,0,3.838,0.062,6.912,0
0,0,0,0,0,0,0,0.21,1.454,0
0,0,0,0,0,0,0,0,2.166,0
0,0,0,0,3.44,0,0,0,1,0
0,0.41,0.13,0,0.41,0,0,0.379,2.329,1
0,0,0,0,0,3.57,0,0,1,0
0.64,2.59,0.64,0,0,0,0,0.233,1.136,1
0,0,2.4,0,0,0,0,0.151,2.611,1
0,0,0.19,0.38,0,0,0.068,0.022,1.74,0
0,0,0,0,0,0,0.08,0,3.9,0
0,0,0,0,0,0,0,0,1.8,0
0,0,0,0,0,0,0,0,1.458,0
0,0,0,0,0,2.85,0,0.175,3.125,0
0,0,0,0,0,0,0,0,4,0
0.08,0.35,0.53,0,0,0,0,0.369,4.911,1
0.29,0,0.87,0,0,0,0,0.14,4.892,1
0,0.56,0.06,0,0,0,0.187,0,2.829,0
0,0,0,0,0.76,1.52,0,0,1.216,1
0,0.73,0,0,0,0,0.126,0,3.212,0
0,0,0.6,0,0,0,0,0.077,3.277,0
0,0,0,0,0,0.78,0,0.12,2.862,0
0,0,0,0,0,0,0.264,0,4.333,1
0.07,0.66,0.14,0,0,0,0,0.319,4.689,1
0,0,0,0,0,0,0,0,1.9,0
0,0.61,0,0,0.17,0,0,0.556,19.234,1
0,0,0,0,0,0,0,0,1,0
0,0,0,0,0.71,0,0,0,2.239,0
0,0,0,0,0,0.89,0,0,2.27,0
0,0,0,1.31,0,0,0,0,1.266,0
0,0,0,4.83,0,0,0,0,1.666,0
0,0,0,0,0,0,0,0,5.888,0
0,0,0,0.71,0.53,0,0.052,0.026,2.941,0
1.21,1.21,0,0,0,0,0,0.555,104.666,1
0,0,0,0,1.26,0,0,0.215,4.277,1
0.53,0,0,0,0,0,0,0,2.131,1
0,0,0,0,2.85,0,0,0,3.8,0
0,0,2.04,0,0,0,0,0.174,1.787,1
0,0.19,0.26,0,0,0,0.011,0.449,13.235,1
0,0,0,0,1.44,1.44,0,0.114,1.645,0
0.19,0.89,0,0,0,0,0,0.412,4.195,1
0,0,0,0,1.58,1.58,0,0,2.071,0
0,0,0,0,0,0,0,0,2.275,0
0,0,0,0,0,0,0.145,0.725,1.187,0
0,0,0,0,0,0,0,0.111,1.76,0
0,0,0,0.46,1.38,0.92,0.149,0,1.76,0
0,0,0,0,0,0,0.041,0.031,1.912,0
0,0.28,0,0,0,0,0,0.08,2.396,0
0,0,0,0,2.94,0,0,0,1.562,0
0.74,0,0.74,0,0,0,0,0.355,2.15,1
0,0,0,0,0,0,0,0,1.375,0
0,0,0,0,0,0,0,0,1,0
0,0,0,0,0,0,0,0,2.24,0
0,0,0,0,0,0,0,0,1.652,0
0,0,0,0,0,0,0,0.273,2.588,0
0,0,0,0,0,0,0,0,1.25,0
0.59,0,0,0,0,0,0,0,8.586,1
0,0,0,0,0,0,0,0,1.961,0
0,0.43,0,0,0,0,0,0,2.119,0
1.31,0,0,0,0,0,0,0.522,1.69,1
0,0,0,0,0,0,0,0,2.75,1
0.5,0.8,0.1,0,0.1,0.1,0,0.488,8.55,1
0,0,0,0,0,0,0.164,0.01,2.729,0
0,0,0,0,0,3.26,0,0,3.066,0
0,0,0,0,0,0,0,0,17.952,0
0.15,0.61,0.61,0,0,0,0,0.698,5.101,1
0,0.37,0.37,0,0,0,0,1.248,58.705,1
0,0,0,0,0,2.8,0.267,0,4.808,0
0,0.92,0,0,0,0,0.014,0,2.785,0
0.38,0,0.38,0,0,0,0,0.122,2.08,1
0.15,0,0.15,0,0,0,0,0.567,5.425,1
0,0,0,0,0.84,0,0,0.143,1.37,0
0,0,0,0,0,0,0,0,2.017,0
0,0,0,0,1,0,0,0.487,2.291,0
0,0,0,0,0,0,0.147,0.294,2.333,1
0.04,0.4,0.64,0,0.12,0,0.019,0.37,3.225,1
0.45,0,0,0,0,0,0,0.203,8.517,1
2.28,0,0,0,0.57,0,0,0.487,16.217,1
0,0,1.05,0,1.05,0,0,0.338,1.468,0
0,0,0,0,0.09,2.24,0.123,0.013,3.625,0
0.03,0.37,0.51,0,0.03,0,0.011,0.379,3.341,1
0,0,0,0,0.95,0.95,0,5.78,2.13,0
0,0,0.9,0,0,0,0,0,2.15,0
0,0,0,0,0,0,0,0.809,3,0
1.6,0,0,0,0.53,0,0,0.159,4.555,1
0,0,1.41,0,0,0,0,0,4.176,1
0,0,0,0,0,0,0,0.546,1.75,0
0,0,0.47,0,0,0,0,1.68,57.23,1
0,0,0,0,0,0,0,0,2.733,0
0,0,0,0,0,0,0,0,2,1
0.68,0,1.36,0,0.68,0,0,1.706,4.281,1
0,0,1.4,0,0,0,0,1.647,1,1
0,0.57,0.17,0.11,0.05,0,0.019,0.099,4.906,1
0,0,0,0,0,0,0,0,13.166,1
0,0,0,0,0,0,0,0,1.8,0
0.13,0.54,0.27,0,0.06,0,0,0.456,6.049,1
1.96,0,0,0,0,0,0,0,6.166,1
0,0,0,0,0,0,0,0,3.157,0
0,0,0,0,1.41,0,0,0.072,2,0
0,1.14,0,0,0,0,0,0,3.681,1
0,0,0,0,0.48,0,0,0.502,5.488,1
0,0,0,0,0,0,0,0,1,0
0.42,0,0,0,0,0,0,0.187,7.951,1
0,0,0,0,0,0,0,0.175,1.826,0
0,0,0,0,0,0,0,0.275,1.625,0
0.16,0,0,0,0,0,0,0.079,2,1
0,0,0.43,0,0,0,0,0.31,1.477,1
0,0,0,0,0,0,0,0,1,0
0,0,0,0,0.23,1.4,0,0.161,1.065,0
0,0,2.94,0,0,0,0,0,1.285,0
0,0,0,0,0,0,0,0,1,0
0,0,0.84,0,0,0,0,0.374,2.892,0
0,0,0,0,0,0,0,0.107,2.741,0
0,0,0,0,0,0.53,0,0.014,5.473,0
0,0,0,0,0,0,0,0.068,3.195,0
0,0,0,0,1.11,0,0,0,2.113,0
0,0,0,0,0.97,0,0,0,2,0
0.06,0.06,0,0,0.06,0,0.01,0.01,1.733,1
0,0,0.08,0.08,0,0,0.023,0,2.658,0
0,0,0,0,0,0,0,0,1,0
0.34,0,0.68,0,0,0,0,0.224,2.257,1
0,0,0,0,0.47,0.47,0,0.168,1.228,0
0.11,0.05,0.05,0,0,0,0,0.492,6.033,1
0.05,0.05,0,0,0,0,0.01,0.02,1.796,1
0,0,0,0,0,0,0,0,3.75,1
0,0,0,0,4.16,0,0,0.709,2.09,0
0,0,0,0,0,0,0,0,1.333,0
0.05,0.42,0.1,0,0.02,0,0,0.328,5.928,1
0,0,0,0,0,0,0,0,3.368,0
0,0,0,0,1.61,1.61,0,0,1.083,0
0,0,0.31,0,0.31,0,0,1.152,4.592,1
0,0,0,0,8.33,0,0,0,5.333,0
0,0,0,0,0.71,0.71,0,0,2.939,0
0,0,0,0,0,0,0.047,0,2.351,0
0,0,0,0,0,0,0,0,1.8,0
0.44,0,0,0,0,0,0.216,0.433,2.375,1
0,0,0,0,0,0,0.063,0.063,2.562,0
0.13,0,0.26,0,0.13,0,0,0.022,12.454,1
0,0,0,0,0,0,0,0,1.166,0
0,0,0,0,0,0,0,0,2.204,0
0.73,0.83,0.09,0,0.09,0.09,0,0.432,8.445,1
0,1.15,0,0,0,0,0.047,0,3.196,0
0,0,0,0,0,0,0,0.331,1.714,0
0,0.41,0.2,0,0,0,0,0.996,7.836,1
0.68,0,0.34,0,0,0,0,0.048,1.411,1
0,0,0,0.03,0.22,0.03,0.014,0.014,1.111,0
0,0,0,0,0.85,0,0,0,2.138,0
0,0,0,0,1.97,0.65,0,0.125,1.25,0
0,0,0,0,0,0,0,1.284,1.357,1
0,0,0,0,0,0,0,0,1.4,0
0,0,0,0,0,0,0,0.192,2.333,1
0,0,0.64,0,0,0,0.094,0.662,10.068,1
0,0,0,0,1.17,0,0,0.441,4.066,1
0,0,0,0,0,0,0,0.181,2,0
0,0,0.52,1.04,0,0.52,0,0,2.416,0
0,0,0,0,0,0,0,0,1.428,0
0.16,0.5,0.5,0,0,0,0,0.884,5.328,1
0,0,0.57,0,0.86,0,0,0.049,1.1,0
0,0,0,0,0,0,0,0,2.125,0
0.17,0,0,0,0,0,0,0.079,2,1
1.26,0,0,0,1.26,0,0.431,0,3.529,1
0,0,0.49,0,0,0,0,0.625,4.75,1
0.12,0.25,0.25,0,0,0,0.019,0,4.155,1
1.61,0,1.61,0,1.61,0,0,0.804,2.466,1
2.22,0,3.33,0,0,0,0,0.146,2.058,1
0,0,0,0,0.58,0,0,0.282,1.932,0
0,0.35,0.19,0,0.05,0,0,0.268,6.761,1
0,0,0,0,0,0,0,0,3.222,0
0,0,0,0,0,0,0,0,1,0
0,0,0,0,0,0,0,0,3.28,0
0,0,0,0,0,0,0,0,4.5,1
0,0,0,0,0,0,0,0.202,1.945,0
0,0,1.85,1.85,0,0,0,0,2.916,0
0,0,0,0,0,0,0,0,3.166,0
0,0,0,0,0,0,0,0.428,4.652,1
0,0,0.21,0.21,0.42,0.21,0,0.039,1.292,0
0.03,0.52,0.24,0,0.1,0,0.011,0.425,5.761,1
0,0,0,0,0,0,0,0,1.25,0
0,0,0,0,0,0,0,0,1,0
0,0,0,0,0,0,0,0,1.5,0
0,0,0,0,0,1.56,0,0,1.75,0
0,0,0,0,0,0,0,0,1.055,1
0,0,0,0.55,0,0,0,0,1.601,0
0,0,0,0,0,0,0,0,1,0
0,0,0.88,0,0,0,0,0.064,2.215,1
0,0,0,0,0,0,0,0,17.952,0
0,0,0,0,0,0,0,0,1.843,0
0,0,0,0,1.08,0,0,0,3.476,1
0,0.44,0,0,0.22,0,0,0.305,1.895,1
0,0,1.36,0,0,0,0.125,1.001,4.551,1
0,1.55,0,0,0,0,0,0,25.812,0
0,0,0,0,0.66,0,0,0.231,1.761,0
0,0,0,0,0,0,0,0,1.75,0
0.05,0.44,0.1,0,0.02,0,0,0.346,6.05,1
0,0,0,0,0,0,0.07,0,2.064,0
0,0,0.5,0,0,0,0,0.188,3.461,0
0,0,0,0,0,0,0,0,1.6,0
0,0,0,0,0.54,0.27,0.045,0.045,2.078,0
0,0,0,0,2.56,0,0,0,1.769,0
0,0,0,1.25,0,0,0.224,0,2,0
0,0,0,0,0,0,0.305,1.529,5.5,1
0,0,4,0,0,0,0,2.597,4.153,1
0,0,0,0.92,0,0,0,0.165,1.666,0
0,0.04,0.13,0.18,0,0,0.027,0.047,1.686,0
0,0,0,1.81,0,0,0,0,2.277,0
0,0,0.56,0,0,0,0,0.91,2.283,1
0,0,0,0,1.06,0,0,0.207,3.761,1
0,0.29,0.32,0,0.07,0,0.016,0.639,3.697,1
0,0,0,0,1.35,1.35,0.205,0,1.722,0
0,0,0,3.7,3.7,0,0,0,1.888,0
0,0,0,0,0,0,0,0,1,0
0.08,0.08,0,0,0,0,0,0.095,4.07,1
0,0,0,0,0,0,0,0,1.333,1
0,0,0,0,0.95,2.22,0,0,2.603,0
0,0,0,0,0,0,0,0,1,0
0,0,0,0,1.6,0,0,0,2.065,0
0,0,0,0,1.73,0.57,0,0,1.645,0
0,0,0,0.52,0.52,0,0.084,0,1.577,0
1.16,0,1.93,0,0.38,0,0,0.198,9.266,1
1.12,0,0.56,0,0,0,0,1.32,5.135,1
0,0,0,0,0,0,0,0.151,1.533,0
0,0,0,0,0,0,0,0,1.55,0
0,0,0,0,0.21,0,0.04,0,2,0
0,0,0,0,0,0,0.082,0,1.666,0
0,0,0,0,0,0,0,0,1.909,0
0,0,0.63,0,0.63,0,0,0.045,8.117,0
0,0,0.13,0,0,0,0.073,0.024,5.15,0
0,0,0.69,0,0.69,1.39,0,0,2.184,0
0.17,0.17,0,0,0,0,0,0,1.559,1
0,0.65,1.14,0,0,0.16,0,0.902,5.833,1
2.56,1.28,0,0,0,0,0,0.542,102.666,1
0,0,0,14.28,0,0,0,0,1,0
0.18,0,1.89,0,0,0,0,0,25.22,1
0,0,0,0,3.33,0,0,0,1.142,0
0,0,0,0,0,0,0,0,2,0
0,0,0,0,1.12,0,0,0.424,4.1,1
0,0,0,0.57,0,0,0.089,0.089,2.204,0
0,0,0,0,0,0,0,0,1.666,0
0,0,0.78,0,0,0,0,0.792,2.627,1
0,0,0,0,0,1,0,0,1.428,0
0,0.58,0,0,0,0.58,0,0.376,1.702,0
0,0,0,0,0,0,0,0,2.287,0
0,0,0,0,0,0,0,7.333,1.666,1
0,0,0,0,0,0,0,1.431,4.071,1
0.75,0,1.87,0,0.37,0,0,0.242,9.584,1
0,0,0,0,2.01,2.68,0,0,3.4,0
0,0,0,0.45,0.45,0,0,0,2.236,0
0,0,0.45,0,0,0,0,1.633,64.416,1
0,0,0,0,0.24,0,0.067,0,1.98,0
0,0,0,0,0,1.69,0,0,3.315,0
0,0,0,0,0,0,0,0,1.8,0
0,0,0,2.85,0,0,0,0,1.25,0
1.12,0,2.25,0,0,0,0,0,1.416,1
0,0,0,0,0,0,0,0,1.5,0
0,0,0.64,0,0,0,0,2.354,2.09,1
0,0,0,0,0,0,0,1.799,1.823,1
0.23,0.35,0.11,0,0.23,0,0,0.287,3.439,1
0,0,0,0,0,0,0,0,1.987,1
0,0,0,0,0,0,0,0,1.292,0
1.33,0,1.11,0,0,0,0,0.067,1.946,1
0.31,1.09,0.15,0,0,0,0,0.378,3.278,1
0,0,0,0,0,0,0,0,3.472,0
0,0,0,0,0,0,0,0,1.857,0
0,0,0,0,0.26,0,0.128,0,1.635,0
1.11,0,0.55,0,0,0,0,1.158,4.875,1
0,0.58,0,0,0,0,0,0.192,1.526,1
0.14,0,0,0,0.14,0,0,0.241,6.238,1
0,0,0,0,1.73,0,0,0,1.978,0
0,0,0,0,0,0,0,0,1,0
0,0,0,1.38,0.46,0,0,0,4.153,0
0,0,0,0,0,0,0,0,2,0
0,0,0,0,0,0.27,0.082,0,2.235,0
0,0,0,0,0,0,0,0.961,2.333,0
0.56,0,3.97,0,0,0,0,0.768,11.685,1
0.5,0,0,0,0.25,0,0,0.045,1.324,0
0,0,0,0,0,0,0,0,3.333,0
0,0,0,0,0,0,0,3.333,2.551,1
0,0,0,0,6.25,0,0,0,1.285,0
0,0,0,0,0,0,0,0,1.166,0
0.32,0,0.32,0,0.65,0,0,0,1.494,1
3.12,0,3.12,0,0,0,0,0,9.428,1
0,0.4,0,0,0.06,0,0.009,0,2.804,0
0,0.57,0.17,0.11,0.05,0,0.019,0.089,4.913,1
0,0,0,0,1.63,0.54,0,0,2.827,0
0.94,0,0,0,0.47,0,0,0.217,1.48,1
0,0.82,0,0,0.11,0,0,0.13,5.76,1
0,0,0,0,0,0,0,0,3,1
0,0,0,0,0,0,0.03,0,2.444,0
0,0,0,0,0,0,0,1.096,5.16,1
0,0,0,0,0,0,0,0,1,0
0,0,1.85,0,0,0,0,3.768,4.833,1
0,0,0,0,0,2.17,0,0.704,1,0
0,0,0,0,0,0,0,0,1.938,1
0,0,0,0,0,0,0,0,2,0
0,0,0.93,0,0,0,0,0,1.771,0
0.4,1.42,0.1,0,0,0,0,0.977,3.166,1
0,0,0,0,0,0,0.065,0,1.114,0
0.49,0,0.49,0,0.49,0,0,0.497,5.113,1
0,0,0,0,0,0,0,0.421,3.454,1
0,0,0,0,0,0,0,0,1,0
0,0.44,1.33,0,0.22,0,0.148,0.372,3.425,0
0,0,0,0.78,0,0.78,0,0.087,2.812,0
0,0.4,0,0,0,0,0,0.158,2,1
0.25,0.59,0.25,0,0.08,0.08,0,0.403,7.484,1
0,0,0.42,0,0.42,0,0,1.117,1.206,1
0,1.17,0.14,0,0,0,0,0.204,2.962,1
0,0,0,0,0.87,1.75,0,0.107,2.454,0
0,0,0,0,0,0,0,0,1.714,0
0,0,0,0,0,0,0,0,2.386,0
0,0,1.49,0,0,0,0,0,1.761,0
0,0,0,0.82,1.65,0,0,0,1.678,0
0,0,0,0,0,0,0,0,2.307,0
0,0,0,0,0,0,0.118,0,1.983,0
0,0,0,0,0,0,0,0,1.949,0
0.68,0,0.68,0,0.34,0,0,0.503,1.82,1
0.2,0,0.1,0,0,0,0,0.095,2.717,1
0,0,0,0,0,0,0,0,1.25,0
0,0,0,0,0,0,0,0,2,0
0,0,0,0,0,0,0,0,1,0
0,0,0,0,0,0,0,0,1,0
0,0,0,0,0,3.22,0,0,1.571,0
0.74,0,0,0,0,0,0,0.368,1.58,1
0,0,0,0,0,0,0,0,1.78,0
0,0,0,0,0,0,3.23,0.048,5.802,0
0,0,0,0,0,0,0,0,3.25,0
0,0,0,0,0,0,0,1.007,1.44,1
0,0,0,0,0,0,0.07,0.07,2.069,0
0,0,0,0,0,0,0,0,1.48,0
0,0,0.49,0,0.49,0,0.036,0.147,2.587,0
0,0,0,0,0,0,0,0,1,0
0,1.61,0,0,0,0,0,0,1.769,0
0,0,0,0,1.16,1.16,0,0.578,1.36,0
1.14,0,0,0,0,0,0,0,1.227,1
0,0,1.05,0,0,0,0,2.295,2.016,1
0,0,0,0,0,0,0,0.374,2.85,0
0,0,0,0,0,0,0.102,0,1.4,0
0,0.82,0,0,0,0,0.037,0.037,2.666,1
0,0.75,0.58,0,0,0,0,0.127,4.225,1
0,0,0,0,0,0,0.675,0,3.7,0
0,0,4.76,0,0,0,0,2.412,20,1
0,0,0,0,0,0,0,0,2.25,0
0,0,0,0,0,0,0,0.113,1.25,1
0,0,0,0,0.66,0,0.019,0,2.068,0
0,0,0.67,0,0.67,0,0,0,3.27,0
0,0,0.23,0,0,0,0.107,0,1.595,0
0,0.3,0,1.21,0,0,0,0,2.011,0
0.2,1.43,0.1,0,0,0,0,0.974,3.163,1
0,0,0,0,0,0,0,0.263,1.047,0
0,0,0,0,0,0,0,0,3.333,0
0,0,0,0,0,0,0,0,2.714,0
0,0,0,0,0,0,0,0,1,0
0,0.39,0.13,0,0,0,0,0,2.736,1
0,0,0,0,2,0,0,0,2.095,0
0,0,0,0,0,5.88,0,0,2.285,0
0,0,0.09,0.28,0.28,0,0.21,0,2.731,0
0,0,0,0,0,0,0,0,4.858,0
0,0,0,0,0,0,0.245,0,1.166,0
0,0,0,0,0,0,0,1.315,1,0
0,0,0.3,0,0,0,0.472,0,1.607,1
0,0,0,0.06,0.34,0,0.018,0,2.924,0
0,0,0,0,0,0,0,0,2.409,0
0,0,0,0,0,0,0,0,1.304,1
0,0,0,0,0,0,0,0,1,0
0.04,0,0.13,0,0.13,0.04,0.013,0.027,1.784,0
0,0,0,0,0,0,0,0,3.125,0
0,0,0.09,0,0,0.09,0,0,1.508,0
0.33,0,1.01,0,0,0,0,0.06,193.5,1
0,0.38,0,0,0,0,0,1.008,589,1
0.44,0,0,0,0,0,0,0.19,8.033,1
0.22,0,0.22,0,0,0,0,0.647,1.869,1
0,0,1.05,0,0,0,0,0.702,6.487,1
0.38,0,0.77,0,0,0,0.063,0.51,3.685,1
0,0,0,0,0,0,0,0,4.093,0
0,0,0,0,0,0,0,0,1.454,0
0,0,0,0,0,0,0,0,2.028,0
0,0,0,0,0,0,0,0,2.217,1
0,0,0,0,0.16,0,0,0,1.638,0
2.23,0,0,0,0.55,0,0,0.479,16.739,1
0,0,0.81,0,0,0,0,0.121,4.035,1
0,0,0.33,0,0,0,0,0,2.016,0
0,0,0,0,0,0,0,0,1.677,0
0,0,0,0,0,0,0,0,1.294,0
1.18,0,0.23,0,0,0,0,0.08,1.844,1
0,0,0,0,0.58,0,0,0,1.76,0
0,0,0,0,0,0,0.027,0,1.263,0
0,0,0,0,0,0,0,0,1.203,0
0,0,0,0,0,0,0,0.559,2.297,1
0,0,0,0,0,0.51,0,0.08,1.885,0
0,0.25,0,0,0,0,0,0.209,2.776,1
0,0,0,0,0,0,0,0,1.3,0
0.77,0.19,0.19,0,0,0,0.03,0.185,1.948,1
0,0,0.79,0,0.79,0,0,0.268,2.815,1
0,0,0,0,0,0,0,0,2.913,1
0,0,1.44,0,0,0,0,0.542,2.157,1
0,0,0,0,0,0,0,0,2,0
0,0,0,0,0,0,0,0,1.5,0
0,0,0,0,0,0.71,0,0,1.272,0
0.29,0,0.87,0,0,0,0,0.14,4.892,1
0.37,0,0.37,0,1.13,0,0,0.882,4.08,1
0,0,0,0,0,0,0,0,1.3,0
0,0,0,0,0,0,0,0,3.09,0
0,0,0,0,0,0,0.034,0,3.372,0
0,0,0,0,0,0,0,0,2.375,0
0,0,0,0,0,0,0,0,1.8,0
0,0.68,0,0,0,0,0,0.898,443.666,1
0,0,2.43,0,0,0,0,0,1,1
0,0,0,0,0,0,0,0,1,0
0,0.78,0.78,0,0,0,0,0,2.62,0
0,0,0,0,5,0,0,0.925,1.3,0
0,0,0.42,0,0.42,0,0,0.644,2.522,1
0,0,0.08,0,0,0.59,0,0.012,2.057,0
0,0,0,0,0,0,0,0,2.307,1
0,0,0,0,1.08,0.72,0.124,0.062,1.414,0
1.23,0,0,0,0,0,0,0.403,2.045,0
0,0,0,0,0,0,0,0,4.533,0
0,0,0.08,0,0,0,0.709,0,2.039,1
0,0,0,0,0,0,0,0.724,2.285,0
0,0,0,0,0,0,0,0,4.5,1
0,0,0,4.76,0,0,0,0,2.111,0
0,0,2.43,0,0,0,0,0.896,5.538,1
0,0,0,0,0,0,0.249,0.124,3.707,1
0,0,0,0,0,0,0,0,1,0
0,0,0,0,0,0,0,0,1.166,0
0.05,0.44,0.26,0,0.02,0,0,0.331,6.073,1
0,0,0,0,0,0,0,0.6,4.02,1
0,0,0,0,0,0,0,0,2.142,0
0,1.43,0,0,0.2,0,0.029,0.298,11.96,1
0,0.28,0.85,0,0,0,0.08,0.282,2.46,0
0,0,0,0,0,0,0,0,1,0
0,0,0,0,0,0,0,0.064,3.587,0
0,0,6.25,0,0,0,0,5.555,3.275,1
0,0,0.86,0,0,0,0,1.765,7.059,1
0,0,0,0,0.61,0,0,0,1,0
0,0,0,0,0,0,0,0,1.8,0
0,0,0,0,0,0,0,0.309,1.333,1
0,0,0,0,0,0.51,0,0.091,1.586,0
0,0,0,0,0,5.12,0,0.248,1.1,0
0,0,0.47,0,0,0,0,1.683,57.23,1
0,0,0,0,0,0,0.014,0,2.204,0
0,0,0,0,0,0,0,0.736,4.123,1
0,0,0.27,0,0.27,0.27,0.051,0,1.195,0
0,0,0,0,0,0,0,0,1,0
0,0,0,0,3.84,0,0,0,1.571,0
0,0,0,0,0,0,0,0.128,1.653,0
0,0,0,0,0.47,0,0,0.496,5.187,1
0,0,0,0,0,0,0,0,1.974,0
0,0,0,0,0,0,0.675,0,3.7,0
0,0,0,0,1.19,0,0.093,0,2.156,0
0,0,0,0,0,0,0.073,0.073,2.206,0
0,0,0,0,0,0,0.067,0.269,4.18,1
0,0,0,0,0,0,0,0,1,0
0.51,0,0,0,0,0,0,0.514,2.441,1
0,0,0,0,0,0,0,0,1.944,0
0,0,0,0,0,0,0,0,1.727,0
0,0,0,0,0,0,0,0.833,1.375,1
0.38,0.06,0,0,0,0,0.04,0.244,1.732,1
1.58,0,1.58,0,0,0,0,0.371,3.538,1
0,0.23,0.23,0,0,0,0,1.018,4.022,1
0.86,0,0,0,0,0,0.14,0.915,3.891,1
0,0,0.51,0,0,0,0,0.087,1.218,0
0.15,0.63,1.11,0,0,0,0,0.862,5.423,1
0,0,0,0,0,2.5,0.121,0,2.222,1
0,0,0,0,0,0,0,0,1,0
0.95,0,0,0,0,0,0,0.147,1.4,1
0,0,0,0,0,0,0,0,1,0
0,0,0,0,0,0,0.114,0.057,2.972,1
0,0,0,0,10.52,0,0,0,1.25,0
0,0,0,0,20,0,0,0,1,0
0,0,0,0,0,0,0.457,0,4.379,0
0.05,0.44,0.26,0,0.02,0,0.009,0.329,6.045,1
0,0,0,0,1.02,1.02,0,0.169,1.677,0
0,0.32,0,0,0,0,0,1.174,3.584,1
0,0,0,1.38,0,0,0,0,2.982,0
0,0,0,0,1.11,0,0,0.208,3.95,1
0,0,0,0.27,0,0,0,0,1.231,0
0,0,0,0,0.53,0.17,0,0.031,1.564,0
0,0,0,0,0,0,0,0,1.666,0
1.05,0,0.52,0,0,0,0,0,2.82,1
0,0,0,0.59,0,0,0.325,0,1.583,0
0,0,0,0,0,0,0,0,1,0
0,0,0,0,1.28,0,0,0,1.428,0
0,0,0,0,0,0,0,0,8.5,1
0,0,0.17,0,0.34,0,0,0,2.073,1
0.31,0,0,0,0,0,0.043,0.13,3.244,1
0,0,0,0,0,0,0,0.188,3.105,1
0,0.85,0.17,0,0,0,0,0.387,11,1
0,0,0,0,16.66,0,0,0.925,1.833,0
0,0,0,0,0,0,0,0.081,3.4,1
0,0,0.66,0,0,0,0,0.12,5.428,1
0,0,0,1.47,0,1.47,0,0,2.652,0
0.25,0,0.25,0,0,0,0.044,0.354,2.593,1
0.35,0,0.7,0,0.35,0,0,0.411,2.917,1
0.02,0.23,0.87,0,0.23,0.02,0.03,0.538,5.108,1
0,0,0.85,0,0,0,0,0,7.17,1
0,0,0,0,0.51,0,0,0.099,1.329,0
0,0,0,0,0,0,0,0.082,5.074,1
0.32,0,0.32,0,0.32,0,0,0,1.494,1
0,0,0,0,0,0,0,0,4.208,0
0,0.23,0,0,0,0.69,0.033,0,1.554,0
0,0,3.51,0,0.39,0,0,0.864,5.87,1
0,0,0,0,0,0,0,0,2.318,0
0,0,0,0,0,0,0,1.754,1,1
0,0,0,0,0,0,0,0.243,1,0
0.1,0.1,0,0,0,0,0,0.016,2.104,1
0,0.68,0.68,0,0,0,0,0.523,1.218,0
0.67,0,0,0,1.35,0,0,0,1.87,0
0,0,0.71,0,0.71,0,0,1.094,2.021,1
0,0,0,0,0.85,0,0.142,0,1.717,0
1.09,0,0.36,0,0,0,0,0.427,4.42,1
0.96,0,0.96,0,0,0,0,0.824,3.025,1
0,0,0,1.24,0,0,0,0,1.47,0
0,0.28,0,0,0,0,0,1.289,3.979,1
0,0,0,0,0,0,0,0,2.125,0
0,0,0,0,2.43,0,0,0,1.461,0
0,0,0,0,0,0,0,0.149,1.423,0
0,0,0,0,0,0,0,0,1.8,0
0.31,0.31,0.31,0,0,0,0,0.137,3.537,1
0,0,0,0,0,0,0,0,4.4,0
0,0,0.98,0,0,0,0,0.16,2.128,1
0,0,0,0,0,0,0,0.081,3.4,1
0,0,0,0,0.49,0.16,0.019,0.059,1.632,0
0,0,0.25,0,0,0,0,0.203,2.866,1
0,0.06,0,0,0,0,0.01,0.01,1.775,1
0,0.79,0,0,0,0,0.149,0,2.9,0
0.08,0,0.08,0,0.16,0,0.344,0.55,15.547,1
0,0,1.36,0,0,0,0,0,2.032,1
0,0,0,0,0,0,0,0.754,5.551,1
0,0,0,0.22,0.67,0.44,0.033,0.033,2.28,0
0,0,0,0,0,0,0.264,0,4.333,1
0,0,1.17,0,1.17,0,0,0,1,0
0.48,0.48,0,0,0,0.48,0,0.43,25.964,1
0,0,0,0,0,0,0,0,1,0
0,0,0,0,0,0,0,0,4.166,0
0,0,0,0,0,0,0,0,1,0
0.43,0,0,0,0,0,0,0.395,7.983,1
0,0,0,0,0,0,0,0,1,0
0,0,0,0,0,0,0,0.271,3,0
0,0,0,0,1.21,0,0,1.627,2.591,1
0,0,0,0,0,0,0,0,2.84,0
0,0,0.41,0,0.41,0,0,0.48,3.166,1
0.08,0.08,0,0,0,0,0,0.099,4.07,1
0,0,0,0,0,0,0,0.968,2.179,1
0,0,2.94,0,0,0,0.436,0.873,4.142,1
0.48,0,0.48,0,0,0,0,0.589,4.85,1
0,0,0,0,0,0,0.072,0.291,1.348,1
0,1.02,0.11,0.11,0,0,0.103,0,4.296,0
0,0,0,0,0,0,0,0,5.888,0
0,0.49,0,0,0,0,0.308,0,3.715,0
0,0,0,0,0,0,0,0,2.5,0
0.06,0.5,0.15,0,0.06,0,0.031,0.345,8.016,1
0.19,0.87,0,0,0,0,0,0.402,4.295,1
0,0,0.35,0,0,0,0,1.257,3.895,1
0.06,0.72,0.59,0,0.06,0,0,0.101,4.398,1
0,0,0,0,0,0,0.557,0.123,2.063,0
0.98,0.49,0,0,0,0,0,0,2.373,1
0.15,0.55,0,0,0,0,0.042,0.25,2.569,1
0.4,0,0.8,0,0,0,0,0.116,4.058,1
1.16,0,4.65,0,0,0,0,0,1,1
0,0,0,0,0,0,0.02,0,2.667,0
0,0,0,1.38,1.38,1.38,0,0,2.447,0
0,0.58,0.23,0,0.03,0,0.006,0.36,6.186,1
0,0,0,0,0,0,0,0,2.333,1
0,0,0,0,0,0,0,0.093,2.755,1
0.45,0,2.75,0,0,0,0.134,2.077,12.176,1
0,0,0,0,0,0,0,0,2.141,0
0.41,0,0.2,0,0.2,0,0,0.238,3.632,1
0,0,0,0,0,0,0.114,0,2.075,0
0,0,0,0,0,0,0,0,1,0
0,0.24,0,2.23,0,0,0,0.069,2.776,0
0,1.17,0,0,0,0,0.376,0,2.925,0
0,0,2.59,0,0,0,0,1.098,3.571,1
0,0,0,0,0,0,0,0,1.357,0
0,0,0.1,0,0.1,0,0.007,0.038,1.704,0
0.05,0.43,0.25,0,0.02,0,0,0.325,5.891,1
0,0,0,0,0,0,0,0.304,2.125,0
0,0,0,0,0,0.55,0,0,2.54,0
0,0,0,0,0,0,0,0,1.714,0
0,0,0,0,1.13,0,0.634,0,1.347,0
2.73,0,0,0,0,0,0,1.244,2.472,1
0.38,0,0.38,0,1.14,0,0,0.598,4.523,1
1,0,0,0,0,0,0,0.275,2.538,1
0.28,0,0.28,0,0.28,0,0,0.034,5.635,1
0,0,0.6,0,0,0,0,0.817,1.857,0
0,0,0,0,0,0,0,0,2.529,0
0.08,0.52,0.86,0,0.08,0.08,0.096,0.358,3.56,1
0,0,0,0,0,0,0,0,1.538,0
0.5,0,0,0,0,0,0,0.412,2.441,1
0,0,0,0,1.26,0,0,0.198,3.833,1
1,0,0,0,0,0,0,0.11,3.178,1
0,0,0,0,0,0.28,0,0,1.651,0
0,0,0,0,0,0,3.972,0.063,6.423,0
0.14,0,0,0,0,0,0,0,1.931,0
0,0,0,5.4,0,0,0,0,1.4,0
0,0,0,0,0,0,0,0,1.076,0
0,0,0,0,0,0,0,0,1,0
0.5,0.8,0.1,0,0.1,0.1,0,0.49,8.55,1
0.44,0.22,0.44,0,0,0,0,0.588,86.7,1
0,0,0,0,0.81,0,0,0,4.608,0
0,0,0,0,0,0,0,0,3,0
0,0,0,0,0.85,0,0.332,0,5,0
0,0.6,0,0,0.6,0,0,0,4.536,0
0,0,0.78,0,0,0,0,0,4.111,1
0,0,0.79,0,0.79,0,0,0.271,3.257,1
0,0.38,0.19,0,0,0,0,0,2.08,0
0,0,0.05,0.03,0,0.1,0.024,0.002,2.128,0
0,0,0,0,0,0,0,0.265,11.066,1
0.03,0.4,0.54,0,0.07,0,0.012,0.343,3.328,1
0,0,0,0,0,0,0,0,2.307,1
0,0.17,0,0.7,0.17,0,0,0.019,2.059,0
0,0,0,0,0,9.09,0,0,1,0
0,0.88,0,0,0,0,0,0.388,2.264,1
0.6,0,0,0,0,0,0,0.105,3.217,1
0,0.93,0,0,0,0,0,0.536,2.166,1
0,0,0,0,0.27,0.27,0,0,1.745,0
0.14,0,0.14,0,0,0,0,0.583,5.415,1
2.3,0,0.76,0,0,0,0,0.518,11.312,1
0,0,0,0,0,0,0,0,1.5,0
0,0,0,0,0.86,1.72,0,0,2.557,0
0,0,0.8,0.8,0.8,0,0,0,1.2,0
0,0.52,0,0,0,0,0.073,0.367,2.34,1
0,0,0,0,0,0,0,0,1,0
0,0.09,0,0,0,0,0,0.03,4.192,1
1.08,0,0.54,0,0.54,0,0,1.182,5.454,1
0,0,0,0,0.32,0,0.218,0.054,2.16,0
0.58,0,1.46,0,0.29,0,0,0.606,3.591,1
0,0,0,0,0,0,0,0,1.482,0
0,0,0,0,0,0,0,0,4.818,1
0,0,0,0,0,0,0,0,1,0
0,0.93,0,0,0.34,0,0.019,0.23,4.281,1
0,0.65,1.14,0,0,0.16,0,0.925,5.833,1
0,0,0,0,1.72,1.72,0,0,1.65,0
0,0,0,0.6,0,0,0.092,0,2.361,0
0,0,0.3,0,0,0,0.044,0.178,4.757,0
0,0,0,0,0,0,0,0,1.8,0
0,0,0,7.4,0,0,0,0,3.875,0
0,0,0,0,0,0,0.303,0,1.6,0
0,0,0,0,3.03,0,0,0,1,0
0,0,0,0,0,0,0,0,1,0
0,0,0,0,0,0,0,0,2,0
1.96,0,0,0,0,0,0,0.334,3.214,1
0,1.15,0.19,0,0,0,0.027,0.438,14.619,1
0,0,0,0,0.5,0,0,0,2.319,0
0,0,0,0,0,1.26,0,0,4.352,0
0,0,0,4.44,0,0,0,0,1.764,0
0,0,0.7,0,0,0,0,0.328,1.333,1
0,0,0,0,0,0,0,0,2,0
0,0,0,0,2.85,2.85,0,0,1.111,0
0,0,0,0,0,0,0.091,0,1.21,0
0,0,0,0,0,0,0,0,1.264,0
0.13,0.54,0.27,0,0.06,0,0,0.445,6.029,1
2.22,0,0,0,0,0,0,0,4.571,0
0,0,0,0,0,0,0,0,4.634,0
0,0.08,0,0,0,0,0.038,0.044,1.664,0
0.69,0,0.69,0,0.34,0,0,0.379,2.042,1
0,0,0,0,0,0,0,0,2.379,0
0,0,0,0,0.18,0.54,0,0.148,1.6,0
0,0.34,1.13,0,0,0,0.056,0.709,4.319,1
0.05,0.05,0,0,0,0,0.01,0.02,1.796,1
0.4,1.41,0.1,0,0,0,0,0.994,3.176,1
0.45,0,0.45,0,0,0,0,0.135,5.571,1
0,0,0,0,1.75,0,0.325,0,1.125,0
1.63,0,0,0,0,0,0,0,3.294,1
0,0,0,7.14,0,0,0,0,1.23,0
0.25,0.59,0.25,0,0.08,0.08,0,0.394,7.484,1
0.4,0,0,0,0,0,0,0.706,1.838,1
0,0,0,1.8,0,0,0,0,1.45,0
1.37,0,0,0.34,0,0,0,0.206,4.029,1
0,0.91,0,0,0,0,0,0.565,2.9,1
0.33,0.16,0,0,0,0,0,1.194,5.567,1
0,0,0,0,0.65,0,0.108,0,1.924,0
0,0,0,0,0,0,0,0,1.75,0
0,0,0,0,0,0,0,0,1.647,0
0,0,0,0,0.35,0,0,0.244,1.974,0
0,0,0,0,0,0,0,0,1.416,0
0,0,0,0,0,0,0.075,0,2.158,0
0,0,0,0,0,0,0,0,1.793,0
0,0.27,0,0,0,0,0,1.029,3.621,1
0,0,0,0,0,0,0,0,3.789,0
0,0,1.19,0,1.19,0,0,0.204,8.636,1
0,0.16,0.24,0.04,0.04,0,0.029,0.071,1.983,0
0,1.11,0,0,0,0,0.119,0,3.237,0
0,0,0,0,0,0,0,0,1.8,0
0,0,0,0,0,0,0,0,1.8,0
0,0,0,0,0,0,0,0,1.592,0
0.56,0,0.56,0,0,0,0,1.217,5.105,1
0,0,0,0,0,0,0,1.234,3,0
0,0,0.25,0,0.25,0,0,0.031,5.5,1
0,0,0,0,0,0,0.373,0.373,1.714,0
0,0,0,0,0,3,0.271,0,4.84,0
0,0,0,0,0,2.45,0,0,3.173,0
0,0,0,0,0,0.43,0,0,2.137,0
0,0,0,0,0,0,0,0,1.647,0
0,0,0,0,0,0,0,0,1.285,0
0,0,0,2.1,0,0,0.169,0,2.096,0
0,0,0,0,0,2.56,0.182,0,1,0
0,0,0,0,0,0,0,0.464,1.392,1
0,0,0,0,0,0,0,0,3.333,0
0,0.55,0.55,0,0,0,0,0.563,2.928,0
0,0,0,0,0.54,0,0,0,3.039,0
0,0,0,0.23,0.47,0,0,0,3.78,1
0,0,0,0,0,0,0.044,0,2.419,0
0,0,0.51,0,0,0,0,0,2.076,0
0.19,0.87,0,0,0,0,0,0.405,4.32,1
0,1.02,0,0,0.14,0,0,0.153,2.705,1
0,0,0.37,0,0,0,0,0.436,1.792,0
0.33,0,1,0,0,0,0,0.16,6.111,1
0,0,0,0,0,0,0,0,1.484,0
0,1.32,0.66,0,0,0,0,0.659,9.1,1
0,0,0.23,0,0.71,0,0.043,0.175,1.294,1
0.14,0,0,0.84,0,0.14,0,0,5.331,0
0,0,0,0,0.63,0,0,0,1.981,0
0,0,0,0,0,0,0,0,1.933,0
0,0,0,1.6,0,0,0,0.115,3.388,0
0,0,0,0,0,0,0,0,2.3,0
0,0,0.41,0,0.41,0,0,0.75,3.851,1
0,0,1.13,0,0,1.13,0,0,8.761,0
0,0,0,0,0,0,0,0,1.444,0
0,0,0,0,0,0,0,0,8.161,1
0,0,0,0,0,0,0,0,1.8,0
0.59,0,0,0,0.29,0.29,0.088,0.044,1.592,0
0,0,0,3.09,0,0,0,0.37,2.277,0
0,0,0,0,0,0,0,0,3,1
0,0,0,0,0,0,4.149,0.07,7.416,0
0,0,0,0,0,0,0,0,1.333,0
0,0,0,0,0,0,0.142,3.851,13.266,1
0,0,0,0,0,0,0,0,1.538,0
0,0,0,0,0,0,0,0.05,2.293,0
0,0,0,0,0,0,0,0.331,1.842,0
0,0,0,0,1.12,0,0,0.204,1.214,0
0,0,0,0,0,0,0,0.229,2.653,0
0,0,0,0,0,0,0,0,2.09,0
0.41,0.41,2.47,0,0,0,0,0.53,6.404,1
0,0,0,0,0,0,0,0,3.826,1
0,0.34,0.17,0,0,0,0.466,0,2.926,0
0,0.07,0,0,0,0,0.011,0,1.263,1
0,0,1.61,0,1.61,0,0,0,1.705,0
0,0,0.72,0,0,0,0,0.963,2.622,1
0,0,0.8,0,0,0,0,0.471,2.088,1
0,0.09,0,0,0.56,0.09,0,0,1.024,0
0,0.57,0,0,0,0,0.193,0,3.461,0
0,0,0,0,0.53,0,0,0,2.053,0
0,0.48,0.48,0,0.48,0,0,0.305,1.884,0
0,0,0,0,0,0,0,0,5.888,0
0.5,0.8,0.1,0,0.1,0.1,0,0.488,8.55,1
0,0.09,0,0,0.27,0,0.016,0.257,3.689,1
0.32,0,0.32,0,0.32,0,0,0,1.494,1
0,5.26,0,0,0,0,0,0,2.058,0
0,0,0,0,0,0,0,0.74,2.166,0
0,0,0,0,0,0,0,0,4.333,0
0,0,0,0,0.45,0.45,0,0.077,1.545,0
0,1.63,1.63,0,0,0,0,0.802,2,1
0,0,0,0,3.22,0,0,0,1.5,0
0,0.17,0,0,0,0,0,1.718,5.175,1
0,0.2,0,0,0,0,0,0.109,1.187,0
0.11,1.04,0,0,0,0,0,0.131,4.47,1
0,0,0,0,1.16,0,0,0,1.384,0
0,0,1.3,0,0,0,0,0.834,2.44,1
0,0,0,0,0,0,0,0.298,3.333,1
0,0,0,0,0,0,0,2.894,5.607,1
0,0,0,0,0,0,0,0,1.6,0
0,0,0,0,1.01,1.01,0,0,1.851,0
0,0,0,0,0,0,0,0.061,1.456,1
0,0,1.44,0,0,0,0,0.543,2.157,1
0,0,0,0,0,0,0,0,1,0
0,0,0,0,0.51,0,0,0,2.6,0
0,0,0,0,0,0,0,0,2.352,0
0,0,0.32,0,0,0,0,0.276,3.8,1
0.65,0,0.65,0,0,0,0,0.091,2.687,1
0,0.28,1.12,0,0.14,0,0,0.768,3.401,1
0,0,0,0,0,0,0,0.595,1.5,0
0.26,0.52,0.79,0,0,0,0,0.31,5.549,1
0,0,0,0,0.8,0,0,0.091,2.225,0
0.17,0,0,0,0.35,0,0.108,0.046,4.259,1
0,0,2.81,0,0,0,0,0.963,3.8,1
0,0,0.8,0,0,0,0,1.566,2.638,1
0,0,0,2.81,0,0,0,0,3.153,0
0,0,0.11,0.35,0,0.46,0,0.016,2.47,1
0,0,0,0,0,0,0,0,2,0
0,0,0,0,0.46,0,0,0.473,2.5,0
0,0,0.96,0,0.48,0,0,0.26,1.117,1
1.78,0,0,0,0,0,0,0.544,1.777,1
0,0.1,0.15,0,0.2,0,0.008,0.149,3.629,1
0,0,0.55,0,0.55,0,0,0.524,1.229,1
0,0,0,0,0,0,0,0,3.7,0
0,0,0,0,0,0.37,3.024,0.059,5.016,0
0.08,0.08,0,0,0,0,0,0.088,4.16,1
0,0,0,4.54,0,0,0,0,2,0
0,0,0,0,0,0,0,0,3.875,1
0,0,0,0,0,0,0.03,0,2.481,0
0.05,0.46,0.21,0,0.02,0,0,0.322,6.896,1
0.91,0,0,0,0,0,0,0,1.941,1
0,0,0.17,0,0,0,0.027,0.167,1.894,0
0.97,0,0,0,0.48,0,0,1.085,5.166,1
0.06,0.06,0,0,0.06,0,0.01,0.01,1.74,1
0,0,0,0,0,0,0,0,2.608,0
0,0,0,0,0,0,0,0,1.142,0
0,0,0,0,0,0,0,0,1.454,0
0,0,0,0,0,0.98,0,0,2,0
0,0.1,0,0,0.05,0,0,0.054,2.37,1
0,0,0,0,0,0,0,0.394,3.537,1
0,0,0,0,0,0,0,0.8,3.125,1
0.05,0.05,0.1,0,0.05,0,0,0.029,1.871,0
0,0,0,0,0,0,0,0,2.108,0
0,0,0,0,0,0,0,0,2.232,0
0,0,0.02,0,0,0,1.024,1.542,239.571,1
0,0,0,0,0,0,4.367,0.074,7.288,0
0,0,0,0,0.3,0.3,0,0,1.505,0
0,1.69,0.24,0,0.24,0,0,1.021,7.092,1
0,0.28,0,0,0,0,0,1.282,3.725,1
0,0,0.93,0,0.93,0.93,0,0,1.911,0
0,0,0,1.85,0,0,0,0,1.8,0
0,0,0,0,0,0,0,0,1.5,0
0,0,0,0,0,0,0,0,1,0
0.03,0.56,0.24,0,0.07,0,0,0.452,6.152,1
0,0,0,0,0,0,0,0,2.103,1
1.78,0,0,0,0.89,0,0,1.344,5.25,1
1.63,0,0.54,0,0,0,0,0,2.592,1
1.13,0,1.13,0,0,0,0,0,3.925,1
0.86,1.3,0,0,0,0,0.063,0,4.297,1
0.53,0.53,0,0,0,0,0,0.082,4.391,1
0,0,0,0,0,0,0,0,2.058,0
0,0,0,0,0,0,0,0,1,0
0,0,0,0,0,0,0,0,3.037,0
0,0,0.57,0,1.14,0,0,0,3.583,0
0,0,0,0,0,0,0,0,4.689,0
0,0,0,0,0,0,0,0,3.5,1
0,0.54,0.21,0,0.03,0,0.012,0.443,6.59,1
0,0,0,0,0.81,2.45,0,0,2.829,0
0,0,0.79,0,0,0,0.115,0.462,5.793,1
0,0,0.1,0,0,0,0.074,0,2.529,0
0.21,0.87,0.43,0,0.21,0,0,0.96,8.08,1
0,0,0,0,0,0,0,0.558,2,0
0,0,0,0,0,0,0,0.952,3.2,0
0,0.11,0.05,0,0,0,0,0.032,1.364,1
0,0,0,6.15,0,0,0,0,1.529,0
0,0,0,1.34,0,0,0,0,1.644,0
0,0.09,0.09,0,0,0,0,0.068,2.059,0
0,0,0,0,0,0,0,0.406,1.958,0
0,0,0,0,3.7,0,0,0.666,1.222,0
0,0,0,0,0,0,0,0.834,5.13,1
0,1.35,0,0,0,0,0,0.636,3.809,1
1.47,1.47,0,0,0,0,0,0.294,72,1
0.09,0.38,0,0,0.09,0,0.063,0.559,1.694,1
0,0,0,0,1.61,0,0,0,1.25,0
0,0,0,0,0,0,0,0.74,1.625,0
0.23,0.7,0.23,0,0,0,0,0.072,2.438,1
0,0,0,0,0,0,0,0,2.166,0
0,0,0,0,0,0,0,0,2.288,0
0,0,0,0,0.94,8.49,0,0,2.241,0
0,0,0,0,0,0,0.179,0.179,2.037,0
0,0,0,0,0,0,0,0.217,1.34,0
0,0,0,0,0,0,0,0,1.333,0
0,0,0,0,0,0,0,1.798,2.615,0
0,0,0,0.25,0,0.25,0,0,1.545,0
0,0,0,0,0,0,0,1.385,3.535,1
0,0,0,0,2.7,0,0,0,1,0
0,0,0.14,0.14,0,0,0.02,0.14,1.891,0
0,0,0.58,0,0,0.58,0,0,2.468,0
1.47,0,0,0,0,0,0,0.5,1.214,1
0,1.11,0,0,0,0,0.083,0,3.211,0
0,0,0.38,0,0,0,0,0.601,2.666,1
0,0,0,0,0,0,0,0.03,2.852,0
0,0,0,0,0,0,0,0,1.769,0
0.23,0,0,0,0,0.23,0,0.149,1.533,0
0,0,0,0,0,0,0,0,2.151,0
0,0,0,0,1.72,0,0,0.135,2.288,0
0,0,0,0,0,0,0,0.049,1.919,0
0,0,0,0,0,0.62,0,0,2.904,0
0,0,0,0,0,0,0,0,1.48,0
0,0,0,0,0.32,1.94,0.051,0,2.197,0
0,0,0.4,0,0.4,0,0,0,3.192,1
0,0,0,0,0,0,0,0,1.062,0
0.43,0,0.43,0,0,0,0,0.129,5.8,1
0,0,0,0,0,0,0,0,4.438,0
0,0,0,0,0,0,0,0,1.564,0
0,0,0,1.04,0,0,0,0,1,0
0,0.19,0.76,0,0.19,0,0,0.264,4.053,1
3.27,0,1.63,0,0,0,0,0.54,14.818,1
0,0,0,0,0,0,0,0.377,1,0
0,0,0,0,0,0,0,0,1,0
0,0,0,0,0,0,0,0,3.333,0
0,0,0,0,0,0,0,0,1.545,1
0.36,0.36,0,0,0,0,0,0.178,2.446,1
1.12,0,0.56,0,0,0,0,1.13,4.875,1
0,0,0,0,0,0,0,0,1,0
0.04,0.24,0,0,0.09,0,0,0.007,1.867,1
0,0.2,0.3,0,0.3,0,0,0.352,9.601,1
0,0,0,0.28,0.57,0,0,0.103,1.411,0
0,0,0,0,0,0,0.016,0,2.309,0
0,0,0.49,0,0,0,0,0.424,12.692,1
0,0,0,0,0.53,0.26,0,0,1.222,0
0,0,0,0.89,0.08,0,0.011,0.057,1.875,0
0,0.34,0,0,0,0,0,0.157,2.366,1
0,0,0.66,0,0,0,0.044,0.591,3.28,1
0,0.09,0,0,0.27,0,0.015,0.242,3.816,1
0,0.64,0,0,0.64,0,0,0.232,1.551,0
0,0,0,0,1.92,0,0,0,1,0
0,0.05,0.01,0.01,0,0.39,0.042,0.008,2.145,0
0,0,0,0,0,0,0,1.116,1.8,1
0,0,0,0,1.36,0.68,0,0,1.315,0
0,0,0,0,0,0,0,0.802,5.114,1
0,0.59,0.09,0,0.19,0,0.044,0.334,15.493,1
0,0.26,0,0,0,0,0,0,2.36,0
0,0,0,0,1.19,0,0,0,2.203,0
0,0,0,0,1.26,0,0,0.208,1.758,0
0,0,0,0,0,0.51,0,0,1.442,0
0,0,0,0,0,0,0.223,0,1.958,0
0,0,0,0,1.35,0,0,0,2.068,0
0,0,0,0,1.01,0,0,0.162,2.125,0
0.2,0.1,0,0,0,0,0.013,0,2.214,0
0,0,2.94,0,0,0,0,0,1.6,1
0,0,0,3.33,3.33,0,0,0,1.3,0
0,0,0,0,0,0,0,0,1,0
1.96,0,0.98,0,0.98,0,0,1.011,2.888,1
0,0,0,0,1.96,0,0,0,1.785,0
0,0.66,0,0,0,0,0,0,2.529,0
0,0,3.03,0,0,0,0,0,5.153,0
0,0,0,0,0.08,0,0,0,3.149,0
0,0,0,0,0,3.84,0,0,1,0
0,0,0,0,0,0,0,0,1.225,0
0,0.12,0,0.49,0,0.74,0.017,0,1.403,0
0,0,0,0,0,0.57,0,0,2.417,1
0.36,0,0.36,0,0.73,0,0,0.053,18.37,1
0,0,1.5,0,0,0,0.045,0,1.023,1
0,0,0,0,0,2.43,0,0.285,2.136,0
0,0,1.57,0,0,0,0,0.682,2.555,1
0,0,0.34,0,0,0,0,0.786,3.728,1
0,0,0,0,0,0,0.222,0.444,2.413,1
2.28,0,0,0,0.57,0,0,0.487,16.217,1
0,0,2.98,0,0,0,0,0,1.1,1
0,0.75,0,0,0.06,0,0.034,0.472,2.086,1
0,0,0,0,1.16,0,0,0,1.25,0
0,0,0,0,1.01,3.03,0,0.475,1.576,0
0,0.65,0.65,0,0,0,0,1.154,3.89,1
0,0,0,0,0,0,0,0.104,2.152,0
0,0,0,0,0,0,0,0,3.125,0
0,0,0,0,1.05,0,0,0,4.047,1
0,0,0,0.27,0.55,0,0.183,0,4.257,0
0,0,0,0,0,0,0.211,0.211,1.38,0
0,0.37,0.37,0,0,0,0,1.246,62.5,1
0,0,0,0,1.34,2.69,0,0,2.362,0
0,0.41,0,0,0,0,0,0,9.444,1
0,0,0.47,0,0,0.94,0,0,1.518,1
0,0,1.28,0,1.28,0,0,0.23,5.538,1
0,0,0,0,3.44,0,0,0,1.6,0
0,0,0,0,0,10,0,0,1.857,0
0.47,0,0.94,0,0,0,0,0.218,1.102,1
0,0,0,0,0,0,0,0,3.1,0
0.08,0.08,0.08,0,0.17,0,0,0.261,3.282,1
0,0,0,0,0,6.66,0,0,3.333,0
0,0.37,0,0,0,0,0,0.268,2.698,1
0.62,0,1.56,0,0,0,0,0.77,2.481,1
0,0,0,0,1.2,0,0,0,1.533,0
0,0,0.66,0,0,0,0,0.117,2.487,0
0,0,0,0,0,0,0,0,4.446,0
0,0,0,2.15,0,0,0,0,1.863,0
0,0,0,0,0,0,0,0,1.846,0
0,0.24,0,0,0,0,0,0.233,8.763,1
0,0,0.44,0,0.44,0.44,0,0,8.478,0
0,0,0,0,0,0,0,0.187,1.166,0
0,0,0,0,0,0,0,0.263,2.12,0
0,0,0,0,0,0.43,3.885,0.073,5.754,0
0,0,2.15,0,0.3,0,0,1.053,3.884,1
0,0,0,0,0.32,0.64,0,0.094,1.919,0
0.86,0,2.16,0,0,0,0,0.801,4.77,1
0,0,0,0,0,0,0,0.056,1.602,0
0,0,1.61,0,0,0,0.714,0.238,4.333,1
2.23,0,0,0,0.55,0,0,0.479,16.739,1
0,0.82,0.27,0,0,0,0,0.085,2.484,1
0,0,0.8,0,0,0,0,0,1.913,0
1.45,0,0,0,0,0,0,0.105,2.689,1
0,0.03,0,0,0,0.8,0.05,0.002,2.577,0
0,0,0,0,0,0,0,0.669,3.666,1
0,0,0,0,0,0,0,0,3.6,0
0,0,0.26,0,0,0,0,0.038,1.541,0
0,0.05,0,0,0.11,1.15,0.024,0.126,3.637,0
0,0.3,0,0,0,0,0.166,0,2.984,0
1.25,0,2.5,0,0,0,0,0.225,2.35,1
1.03,0,2.06,0,1.03,0,0,0,10.692,1
0,0,0,0,0,0,0,0,5.888,0
0,0,1.28,0,0.42,0,0,0,2.44,0
0,0,0,0,0,1.47,0,0,3.23,1
0.24,0.24,0,0,0,0,0,1.634,3.975,1
0,0.11,0.11,0,0,0,0.227,0.056,2.546,0
0,0.58,0.23,0,0.03,0,0.005,0.319,6.11,1
0,0,0,0,0,0,0,0,2.724,0
0,0,0,0,0,0,0,0,1.259,0
0.38,0,0.38,0,0.38,0,0,0.121,2.08,1
0,0,0,0,0,0,0,0.645,1.666,0
0.04,0.38,0.21,0,0.1,0,0,0.308,5.459,1
0,0,2.46,0,0,0,0,0.232,2.687,1
0,0,0,0,0,0,0,0,1.533,0
0,0,0.45,0,0.45,0.45,0.056,0.056,5.8,0
0,0,0,0,0,0,0,0.081,1.348,0
0.19,0.64,0.06,0,0.06,0.06,0.01,0.276,9.821,1
0,0,0.27,0,0.55,0.27,0,0,3.891,0
0,0,0,0,0,0,0,0,2.607,0
0,0,0,0,0,0,0,0,3.478,0
0,0,0,0.06,0,0,0.104,0,2.148,0
0,0,0,0,0,0,0,0,1.692,0
0,0,1.47,0,0,0,0,0,2.352,0
0,0,0,0,0,0,0,0,4.382,0
0,0,0.66,0,0,0,0.044,0.591,3.28,1
0,0,1.28,0,1.28,0,0,0.23,5.538,1
0,0,0.19,0,0.39,0.19,0,0,1.129,0
0,0.28,0,0,0.28,0,0,0,1.883,0
0,0,0.37,0.06,0,0,0.014,0.034,4.93,1
0,0,0.31,0,0,0,0,0.043,1.741,1
0,0,0,0,0.74,0,0,0,1.36,0
0,0,0,0,0,0,0,1.111,1.409,1
0.61,0.61,0.3,0,0,0,0,0.103,6.125,1
0,0,0,0,0.44,0,0,0,1.61,0
0,0,0,0,0,0,0,0,1.14,0
0,0,0,0,0,0,0,0,2.142,0
0,0,0,0,4.76,0,0,0,1.571,0
0.08,0,1.61,0,0,0,0,0.518,7.277,1
0,0,0,0,1.11,0,0,0.066,1.555,0
0,0,0,0,0,1.03,0,0,1.681,0
0,0,0,0,0.28,0,0,0,1.426,0
0,0,0,0.75,0.37,0,0,0,1.066,0
0,0,0,0,0,0,0,0,1.1,1
0.24,0,0,0.12,0.24,0,0.018,0,1.801,0
0,0,0,0,0,0,0,0,1.4,0
0,0,0,0,0,0,0,0.121,3.871,1
1.23,0,1.23,0,0,0,0,1.949,1.379,1
0,0,0,0,0,0,0,0,2.108,0
0,0,0,0,0.66,1.98,0.11,0,2.857,0
0,0,0,1.06,0,2.4,0.036,0,1.632,0
0,0,0,0,0,0,0,0,4.818,1
0,0,0,0,0,0,0,0.613,1,0
0,0,2.63,0,0,0,0,0.941,2.329,1
0,0,0,0,0.57,0,0,0,1.95,0
0,0,0,0,0,9.52,0,0,2.074,0
0,0.32,2.56,0,0,0,0,0.492,2.184,1
0,0,0,0,0,0,0,0,1.4,0
0,0,0,0,0,0,0,0,2.195,0
0.58,0,0.58,0,0.39,0,0,0.067,3.015,1
0,0.62,0,0,0,0,0,0.548,14.283,1
0,0,0,0,0,0.67,0,0,2.519,0
0.28,0,0,0,0,0,0,0.218,3.694,1
0.42,0,1.27,0,0,0,0,0.572,5.659,1
0,0,0.62,0,0,0,0,1.285,6.722,1
0,0,0,0,0,0,0,0.084,5.322,1
2.25,0,0,0,0.56,0,0,0.503,16.304,1
0,0,0,0,0,0,0,0,4.228,0
0,0,0,0,0,0,0,0,1.307,0
0,0,0,0,0,0,0,0,4.786,1
0,0.31,0,0,0,0,0,0.206,4.171,1
0,0,0,0,0.75,0,0,0,2.032,0
0,0,0,0,0,0,0,0,1,0
0,0,0.68,0,0.68,0,0,0,1.1,0
0,0,0.36,0,0,0,0,0.604,3.787,1
0,0,0,0,0,0,0,1.336,1.21,1
0,0,0,0,0,0,0,0,2.482,0
0,0,0,0,0,0,0,0.166,3.521,1
0,0,0,3.22,0,0,0.253,0.506,2.047,0
0,0,0,0,0,0,0,0,3.041,0
0.13,0,0,0,0,0,0,0,1.531,1
0,0,0,7.69,0,0,0,0.581,1.615,0
0.09,0.38,0.19,0,0,0,0.035,0.088,2.405,1
0,0,0,0.28,0.28,0,0,0,2.464,0
0,0,1.01,0,0,0,0,0.327,1.263,0
0,0,0,0,0,0,0,0,11.687,0
0,0,0,0,0,0,0,0,4.19,0
0,0,0,0,0,0,0,0,3.029,0
0,0,0,0,0,0.6,0,0,1.607,0
0,0,0,0,0,0,0,0,5,0
0,0,0,0,0,0,0,0.178,1.272,0
0,0,0,0,0.43,0,0,0.059,2.554,0
0,0,0,0,0,0,0,0,2,0
0,0,0.99,0,0,0,0,0.478,2.868,1
0,0,0.98,0,0,0.98,0,0.278,2.95,1
0,0,0,0,0,0,0,0,1.3,0
0.63,0.63,1.26,0,0,0,0,0.398,2.625,1
0,0,0,0,0,0,0,0.018,3.716,0
0,0,0,0,0,0,0,0.436,1.7,0
0,0,1.85,0,0,0,0,3.79,4.833,1
0,0,0,0,0,0,0,0,3.75,0
0,0,0,0,0,0,0,0,2.666,0
0,0,1.72,0,0.34,0,0,0,3.344,0
0,0,0,0,0.95,0,0.172,0,1.263,0
0,0,0.1,0,0,0,0.027,0.041,2.321,0
0,0,0,1.88,0,0,0.323,0,1,0
0,0,0,0,0,0,0,0.763,2.222,0
0,0,0,0,0,0.58,0,0,6.096,0
0,0,0.64,0,0,0,0.094,0.662,10.068,1
0,0,0,0,0,0,0,0,1.87,0
0,0,0.6,0,0,0,0.207,0.31,4.897,1
0,0,0,0,0,0,0,0,1,0
0,0,0,0,0,0,0.079,0,2.508,0
0.32,0,0.32,0,0.32,0,0,0,1.494,1
0,0,0,0,0,0,0,0.448,1.451,0
0,0,0,0,0,0,0.223,0,1.375,0
0.82,0,0.82,0,0,0,0,0.235,5.622,1
0,0,0,0,0,0,0.122,0,1.909,0
0,0,0,0,0,0,0,0,2.25,0
0,0,0,0.33,0,0,0.349,0,3.627,0
0,0.54,0,0,0.27,0,0,0.472,10.877,1
0,0,0.47,0,1.43,0,0,0.536,4.653,1
0,0,0,0,2.32,0,0,0,2,0
0,0,0,0,0,0,0,0,2.142,0
0,0,0,6.94,0,0,0,0,1.578,0
0,0,0,0,0.37,0.09,0.014,0.042,1.877,0
0,0.66,0,0,0,0,0.145,0,3.685,0
0,0,0,0,0,0,0,0,1.8,0
0,0,0,0,0,0,0,0,1,0
0,1.47,0.29,0,0,0,0,1.003,6.602,1
0,0,0,4.08,0,0,0,0,2.5,0
0,0,0,0,0,0,0,0,1.263,0
0,0,0.77,0,0,0,0,0.359,5.774,1
0,0,0,0,0,0.65,0,0,2.555,0
0,0,0,0,0,0,0.207,0,1.466,0
0.16,0.65,1.64,0,0,0,0,0.906,5.289,1
0,0,0,0,0.55,0,0.088,0.177,1.867,0
0.25,0.59,0.25,0,0.08,0.08,0,0.408,7.55,1
0,0,0,0,0.14,0,0,0,1.502,0
0.18,0,0,0,0,0,0,0,2.166,1
0.68,0,0.34,0,0,0.34,0,0.048,1.405,0
0,0,0,0,3.03,3.03,0,0,1.111,0
0.37,0,1.12,0,0,0,0,0.563,3.106,1
0,0,0,0,0,0,0,0,3.937,0
0.19,1.38,0.98,0,0,0,0,0.766,6.652,1
0,0.16,0.16,0,0.08,0,0.012,0.031,1.83,0
0,0,0.45,0,0,0,0,1.626,69.727,1
0,0.09,0,0,0.09,0,0.766,5.836,5.792,1
0,0,0,0,0,0,0,0.52,4.33,1
0,0,0,0,0.29,0,0.1,0,1.227,0
1.94,0,2.91,0,0.97,0,0,0.52,6.266,1
1.33,0,0,0,0,0,0,0.202,29.125,1
0.46,0,0.31,0,0,0,0,0.123,6.268,1
0,0,0,0,0,0,0,0,1.125,0
0,0,0,0,0,0,0,0.729,1.875,0
0,0,0,0,0,0,0.079,0,2.432,0
0,0,0,0,0,0,0,0,2.5,0
0,0,0,0,0,0,0,0.564,1.818,0
0,0,0,0,0,0,0,0,2.692,1
0,0,0,0,0,0,0,1.081,2.3,1
0,0,0,0,0,0,0,0,1,0
0,0,0,0,0,0,0,0,3.202,0
0,0,0,0,0,3.44,0,0,1,0
0.23,0,0,0,0,0,0,0.841,1.862,1
0,0,0,0,0,0,0,0.889,2.13,1
0.15,0.15,0,0,0.15,0,0,1.3,5.241,1
0,0.82,0.82,0,0,0,0,0,1.769,1
0,0,0,0,0,0,0,0,2.8,0
0,0,0,0,0,0,0,0,1,0
0,0,0,0,0,0,0,0,1,0
0,0,0.64,0,0,0,0.094,0.662,10.068,1
0,0,0,0,0,1.07,0,0,2.315,0
0.8,0,0.8,0,0,0,0,0.269,3.115,1
0,0.29,0,1.75,0,0,0.156,0.052,2.721,0
0,0.21,0.21,0,0.1,0,0,0.887,3.446,1
0,0,0,0.37,0.37,0,0,0,2.28,0
0,0.06,0,0,0.12,1.19,0.024,0.128,3.427,0
0,0,0,0,0,0,0,0,1,0
0,0,0,0,0,0,0,0,1.866,0
0,0,0,0,0,0,0,0,1.903,0
0,0,0,0,0,0,0,0.185,2.24,0
0,0,0,0,0,0,0,0,3.266,0
0,0.28,0,0,0.85,0,0.046,0,1.834,0
0,0,0,0,0,0,0,0,1.718,0
0,0,0,0.58,0.29,0,0,0.044,1.666,0
0,0,0,0,0.39,0.19,0,0,2.566,0
0.31,0,0.31,0,0.31,0,0,0,1.515,1
0,0,0,0,0,0,0,0.505,2.375,0
0,0,0,0,0.35,0,0,0.056,2.969,0
0,0,0,0,0,7.69,0,1.052,1,0
0,0,0,0,0,0,0,0,1,0
0.07,0.07,0,0,0,0,0.049,0.159,3.456,1
0.24,0,1.68,0,0,0,0,0.677,4.333,1
0,0,0,0,0,0,0,0,1,0
0.2,0.8,0.4,0,0,0,0.033,0.133,2.704,1
0,0,0,0,0,0,0,0,2.5,0
0,0,0,0,0,0,0,0,1,0
0,0,0,0,0,0,0,0,1.487,0
0,0,0,0,0,0,0,0,2.09,0
0,0,0,0.41,0.1,0,0.067,0,2.232,0
0,0,0,0,0,0,0,0,1.41,0
0,0,2.23,0,0,0,0,0.109,2.263,1
0,0,0,0,0,0,0,0.684,1,0
0,0,0,0,0,0,0,0,1.29,0
0,0,0,0,0,0,0.287,0,4.333,1
0,0,0.16,0,0,0,0.185,0.079,1.695,0
0,0,0,0,0,0,0,0,2.016,0
0,0,0,0,0,0,0,0,1.111,0
0.48,0,0.48,0,1.44,0,0,0.515,6.833,1
0.41,0,1.65,0,0,0,0,0.904,7.478,1
0,0.53,0,0,0,0,0.115,0,2.853,0
0,0,0,0,2.22,0,0,0,1.75,0
0,0,1.25,0,0,0,0,0,4.176,0
0,0.38,0.38,0,0,0,0,0,2.162,1
0,0,0,0,0,0,0,0,4.133,0
0,0.27,0,0,0,0,0,2.001,3.706,1
0.79,0,0,0,0,0,0,0.046,2.934,1
0,0,0,0.78,0.78,0,0.136,0,1.823,0
0.81,0,0,0,0,0,0.123,0,4.793,1
0,0,0,0,0,0,0,0,3.478,0
0.8,0,0.8,0,0.4,0,0,0.552,6.652,1
0,0,0,0,0,0,0,0,1,0
0.54,0.54,0.36,0.18,0,0,0,0.249,3.921,1
0,0,0,0,0,0,0,0,1.523,0
0.74,0,0,0,0,0,0,0,3.39,1
0,0,0,0,0,0,0,0,2.171,0
0.05,0.05,0,0,0,0,0.01,0.01,2.051,1
0,0.12,0,0,0,0,0.105,0,1.827,0
0,0,0,0.91,0,0,0.301,0.301,1.942,0
0,0,0,0,0,0,0,0,1.936,0
0,0.36,0,0,0,0,0,0.653,1.53,1
0,0,0.31,0,0.93,0,0,0,2.09,1
0,0,0,0,0,1.09,0,0,3.304,0
0,0,0,0,0,0,0,0,2.75,0
0,0,0,0,0,0,0,0,1,0
0,0,0,0,0,0,0,0,2.647,0
0,0,0,0.71,0.71,0,0,0,1.574,0
0,0,0.14,0,0,0,0,0.094,1.42,1
0,0,0,0,0,0,0,0,1.49,1
0,0,0,0,0,0,0,0.371,2.25,0
0,0,0.02,0.02,0,0.33,0.024,0,2.43,0
0,0,0,0,0,0,0,0.875,6,1
0,0,0.32,0,0.32,0,0,0.531,4.337,1
0,0,0,0,0,0,0,0,3.333,0
0,0,0,0,0,1.16,0,0,2.652,1
0.08,0.43,0.86,0,0.26,0.08,0.097,0.444,3.138,1
0,0,0,0,0.57,0.28,0.023,0,2.24,0
0.1,0.2,0.1,0,0.1,0,0,0.611,3.794,1
0,0,0,0,0,0,0,0,2.5,0
0,0,0.3,0,0,0,0,0.087,2.74,0
0,0,0,0,0,0,0,0,1,0
0,0,0,0,0,0,0,0,1,0
0,0.97,0.03,0,0.03,0,0.006,0.069,3.426,1
0.22,0.9,0.68,0,0.22,0,0,1.103,7.166,1
0,0,0,1.75,0,0,0,0.955,1.5,0
0.4,0,0.4,0,0,0,0.052,0.105,1.194,1
0.6,0.6,0,0,0,0,0,0,4.031,1
0,0,0,0.23,0,0.23,0.063,0.159,1.616,0
0,0,0,0,8.33,0,0,0.68,2.9,0
0,0,0,0,0,0,0,0,2.142,0
0,0,0.27,0,0,0,0,0,2.593,0
0,0,0,0,0.56,0,0,0,2.236,0
0.61,0,0.2,0,0,0,0,1.232,4.159,1
0,0,0,0,0,0,0,0,1.5,0
0,0,7.35,0,0,0,0,1.272,6.294,1
0,0,0,0,0,0.84,0,0,1.285,0
0,0,0,0,0,0,0,0,4.25,0
0.5,0,0,0,0,0,0,0.412,2.441,1
0,0,0,0,0,0,0,0,1.772,0
0,0,0,0.25,0.12,0.63,0.018,0.055,3.08,0
0,0,0,0,1.36,0,0,0,2.035,0
0.74,0.74,0,0,0,0,0,0.467,1.846,1
0,0,0,0,0,0,4.121,0.063,7.326,0
0,0,0,0,0,0,0,0.751,4.163,1
0,0,0,0,0.97,0,0.471,0.078,2.552,0
0,0,1.29,0,0,0,0,0.462,2.44,1
0,0,0,0,0.49,0,0,0.097,2.3,0
0,0,0,0,0,0,0,0,1,0
0,0,0,0,1.25,1.25,0,0,2.45,0
0,0,0,0,0,0.89,0,0,1.266,0
0,0,0,0,0,0,0,0,1.8,0
0.23,0,0.23,0,0,0,0,0.197,5.038,1
0,0,0,2.85,0,0,0,0.444,2.333,0
0,0,0,0,0,0,0,0.441,1.372,1
0,0.52,0,0,0,0,0.164,0,3.591,0
0,0.5,0,0,0,0,0,0.458,6.298,1
0.58,0,0,0,0,0,0,0,1.67,1
0,0,0,0,0,0,0,0,2.216,0
0,0,0,0,0.67,0,0,0,1.285,0
0,0,0,0,0,0,0,0,1.133,0
0,0,0,0,0,0,0,0.533,4.5,0
0,0,0,0,0,0,0,0,1.333,0
0.1,0.1,0,0,0,0,0,0.016,2.104,1
0,0,0,0,0,0,0,0,10.533,1
0.4,1.41,0.1,0,0,0,0,0.991,3.173,1
0,0,0,0,0,0,0,0,4.964,0
0,0,0.77,0,0.12,0,0,1.082,5.274,1
0,0,0,0,0,0,0,0.313,1.689,0
0,0,0,0,0,0,0,0.125,2.925,0
0,0,0,0,0,0,0,0.969,2.179,1
0,0,0,0,0,0,0,0,3.9,0
0,0,0.58,0,0,0,0,0,1.7,0
0,0,0,0,0,0,0,0.292,3,1
0,0,0,0,0,0.61,0,0,2.206,0
0,0,0,0,0,0,0,0.266,1,0
0,0,0,0,0,0,0,0.122,4.309,0
0,0.36,0,1.1,0,0,0,0,2.293,0
0.05,0,0,0,0,0,0.027,0.406,4.829,1
0,0,0,0,0,0,0,0.463,7.941,1
0,0,0.61,0,0.61,0,0,0.517,2.966,1
0,0,0,0,0,0,0,0,3.925,1
0,0,0.35,0,0,0,0,0.7,3.768,1
0,0,0,0.07,0.61,0,0,0,1.705,0
0,0,0,0,1.02,0.51,0,0,1.983,0
1.03,0,2.06,0,1.03,0,0,0,10.692,1
0,0,0,0,0,0,0,0.464,1.392,1
0,0,0,0,0.59,0,0,0,1.826,0
0,0,0,0,0,0,0,0,1.506,0
0,0,0.9,0,0.9,0,0,0.165,6.266,1
0,0,0,0,0,0,0,0,1,1
0,0,0,1.69,0,0,0,0,1.629,0
0,0,0,0,0,0,0,0,1.866,0
0.39,0,0,0,0,0,0,0.705,1.903,1
0,0,0,0,0,0,0,0,2.506,0
0,0,0,0,0,0,0,0.034,16.587,1
0,0,0.58,0,0,0,0,0.42,2.228,1
0,0,0,0,0.7,0,0,0,1.506,0
0,0,0,0,0,0,0,0,1.421,0
0.42,1.27,0,0,0,0,0,0.177,8.777,1
0,0.6,0,0,0.15,0,0,1.318,5.301,1
0.54,0.54,0,0,0,0,0,1.466,31.388,1
0,0,0,0,0,0,0,0,1.6,0
0.6,0,0,0,0,0,0,0.101,3.217,1
2.35,2.35,1.17,0,0,0,0,0.168,4.576,1
0.31,0,0,0,0,0,0,0.61,9.218,1
0,0,0,1.69,1.69,0,0,0,1.071,0
0.31,0.31,0.31,0,0,0,0,0.135,3.537,1
0,0,0.65,0,0,0,0,0.529,3.964,1
0,0,0,0,0,1.2,0,0,1.153,0
0,1.49,0,0,0,0,0,0.99,1.666,1
0,0,0,0,0,0,0,0,1,0
0,0.75,0.58,0,0,0,0,0.13,4.225,1
0.91,0,0,0,0,0,0,0.672,4.35,1
0,0,0,0,0,0,0,0.216,2.166,0
0,0.99,0,0,0,0,0,0,2.824,0
0,0,0,0,0,0,0,0,1.974,0
0,0,0,0,7.14,0,0,0,1,0
0,0,0,0,0.85,0,0.144,0,2.306,0
0.07,0.07,0,0,0,0,0.052,0.167,3.412,1
0,0,0,0,0,0,0,0,1.25,0
0,0,0,0,0,0,0,0,1,0
0,0,0,0,1.08,0,0,0.191,3.95,1
0,0,0.54,0,0.54,0,0,1.443,1.969,1
0,0,0,0,0,0,0,0.241,3.541,0
0,0,0,0,0,0,0,0.119,6.145,0
0,0.94,0.09,0,0,0,0.18,0,4.434,0
0,0,0,0,0,0,0,0,2.5,0
0.65,0,0.65,0,0,0,0,0.233,2.5,1
0,0,0,0,0,0,0,0,1.79,0
0,0,0,0,0,1.49,0.182,0,3.628,0
0,0,0,0,1.35,0,0,0,2.222,0
0,0,0,0,0,0,0,0,3.862,0
0,0,1.38,0,0,0,0,0,2.333,0
0,0,0,0,0,0,0,0,18,0
0,0,0.3,0,0.3,0,0,0,1.738,1
0.17,0,0.17,0,0,0,0,0.167,7.527,1
0,0,0,0,0,0,0,0,3.333,0
0,1.16,0,0,0,0,0,1.405,9,1
0,0,0,0,0,0,0,0,4.25,0
0,0,0,0,0.5,0,0.094,0.094,1.26,0
0,0,0.09,0,0.38,3.1,0.015,0,1.722,0
1.03,0,2.06,0,0,0,0,0,4,1
0,0,0,0,0,0,0,0.31,2.034,0
0.16,0.64,0,0,0,0,0,0.05,1.419,1
0,0,0,3.84,3.84,0,0,0,1,0
0,0,0,0,2.24,0,0,0.203,2.222,0
0,0,0,0,0,0,0,0,1.568,0
0,0,0,0,0,1.13,0,0,1.837,0
0,0,0.45,0,0,0,0,1.631,64.416,1
0,0,0,0,0,0,0,0,1,0
0,0,0,0,0,0,0,0,2.448,0
0.72,0,1.45,0,0,0,0,0.124,1.781,1
0,0,0,0,8.33,0,0,0,3.333,0
0,0,0.29,0,0.29,0,0.05,0.764,2.468,1
0,0,0,0,0,0,0,1.886,1.375,0
0,0,0,0,0,0,0,0.919,2.84,1
0,0.23,0.13,0,0,0,0.2,0,2.589,0
0,0,0,0,0,0,0,0,1,0
0,0,0,0,0.99,0,0,0,1.478,0
0.27,1.1,0,0,0,0,0,1.316,4.947,1
0,0,16.66,0,0,0,0,0,4.333,1
0,1.28,0,0,0,0,0,0,2.21,0
0,0,0,0,0,0,0,0,2,0
0,1.15,0.19,0,0,0,0.027,0.438,14.619,1
0,0,0,0,0,0,0,0,1,0
0,0,0,0,0,0,0,0,3.731,0
0,0,0,0,0,0,0,0,4.5,1
0.06,0.06,0,0,0.06,0,0.01,0.01,1.733,1
0.9,0,0,0,0,0,0,0.82,2.446,1
0,0,0,0,0,0,0,0,2.025,0
0.06,0,0.4,0,0,0,0,1.06,4.623,1
0.49,0,0,0,0,0,0.336,0,5.61,0
0,0,0,0,0,0,0,0,1.275,1
0.5,0.8,0.1,0,0.1,0.1,0,0.474,8.55,1
0,0.6,0.3,0,0,0,0,0.191,2.041,1
0,0,0,0,0,0,0,0,2.472,0
0,0,0,0,0,0,0,0.019,1.714,1
1.08,0,0.54,0,0.54,0,0,1.218,5.323,1
0,0,0,0,1.98,2.97,0,0.186,1.937,0
0,0,0,0,0,0,0.636,0,3.5,0
1.27,0,0,0,0,0,0,0.983,3.488,1
0.03,0.56,0.22,0,0.07,0,0,0.612,7.3,1
0.1,0.2,0.91,0,0,0,0,0.336,6.758,1
0,0,1.11,0,0,0,0,0.086,4.166,1
0,0,0,0,0,2,0,0,1.888,0
0,0,0,0,0,0,0,0,2.16,0
0,0,0,0,0,0,0,0,1.714,0
0,0,0,0,0,0,0,0,1.8,0
0,0,0,0,0,0,0.071,0,2.464,0
0,0,0,0,0,0,0,0,1,0
0.14,0.58,0.87,0,0,0,0,0.764,4.979,1
0,0,0,0,0,0,0,0.546,2.3,1
0,0,0.37,0,0,0,0,0,2.643,0
0,0,0,0,0,0,0,0,1.433,0
0,0,0,0,0,0,0,0,3.379,0
0,0,0,0,0,1.2,0.102,0,1.404,0
0,0,0,0,0.93,0,0,0.165,1.238,0
1.05,0,0,0,0,0,0,0.171,2.05,1
0,0,0,0,0,0,0,0,1.536,0
0,0,0,0,0,0,0,0,2.277,0
0,0.87,0,0,0,0,0.111,0,3.298,0
0,0,0,0,0,0,0,0,1.166,0
0,0,2.4,0,0,0,0,0.145,2.5,1
0,0.58,0,0,0,0,0,0.569,12.064,1
0.48,0,0,0,0,0,0,0.163,1.696,1
0,0,0,0,0,0,0,0,1.833,0
0,0.27,1.18,0,0,0,0,0.611,3.707,1
0,0,0,0,4.76,0,0,0,1,0
0,0,0,0,0,0,0,0,2.342,0
0,0,0,0,0,0,0,0,1.51,0
0,0,0,0,0.14,3.07,0.144,0.02,4.113,0
0,0,0,0,0,1.24,0,0,3.086,0
0,0,0,0,0,1.03,0,0,1,0
0,0,0,0,0,0,0,1.103,1.777,1
0,0,0,0,1.23,0,0,0,2.142,0
0,0,4.91,0,0,0,0,2.695,2.315,1
0,0,0.05,0,0,0,0,0.107,3.922,1
0,0,0,0,0.74,0,0,0,2.607,0
0,0,0,0,0,0,0,0,3.25,0
0,0,0,0,0,0,0.081,0,1.833,0
0,0,0,0,0,0,0,0,2.875,0
0,0,2.42,0,0,0,0,0.412,2.3,1
0,0,0,0,0,0,0,0,2.135,0
0,0.15,0.05,0,0.02,0,0.011,0,1.423,1
0,0,0,0,0,0,0,0,4.75,0
0,0.27,0,0,0.27,0.27,0,0.048,1.873,0
0.07,0.67,0,0,0,0,0,0.131,3.446,1
0.28,0,0.14,0,0,0,0.026,0.13,7,1
0.98,0,0,0,0,0,0.064,0.645,3.552,1
0,0,0,0,0,0,0,0,3.904,0
0.19,0.95,0.19,0,0,0,0,0.212,11.242,1
0,0,0,0,0,0,0,0,1.148,0
0,0,0,0,0,0,1.408,0,2.6,0
0,0,1.29,0,0,0,0.187,0.936,4.586,1
1.47,0,0.36,0,0,0,0,0.367,4,1
0,0,0,0,0,0,0,0,1.545,0
0,0,0,0,1.44,0,0,0.392,5.466,1
0,0.58,1.74,0,0,0,0,0.165,2.17,1
0,0,0,0,0.27,0.13,0,0.514,1.409,0
0,0,0,0,3.33,0,0,0,1.5,0
0,0,0,0,0,0,0,1.473,4.071,1
0,0,0,0,0,0,0,0,1,0
0.37,0.37,0.37,0,0.37,0,0,1.199,3.337,1
0,0.13,0,0,0,0,0,0,2.165,0
0,0,0,0,0,0,0,0,2.976,0
0,0,0,0,0,0,4.096,0.07,7.531,0
0,1.63,1.63,0,0,0,0,0.759,2,1
0,0,10,0,0,0,0,0,1.428,1
0,0,0,0,2.85,0,0,0,2.125,0
0,0,0,0,1.17,0,0,0.21,3.75,1
0,0,0,0,0,0,0,0.931,12.055,1
0,0,0,0,0,4.76,0,0,1.571,0
0.4,1.42,0.1,0,0,0,0,0.928,3.179,1
0,0,0,0,0,1.38,0,0,1.5,0
0.14,0,0.14,0,0,0,0,0.585,5.02,1
0,0,0,0,0,0,0,0.336,1.555,0
0,0,0,0,1.06,1.06,0,0.398,1.181,0
0,0,0.12,0.38,0,0.38,0,0,2.417,1
0,0,0,0,0.2,0,0,0.382,7.538,1
0.33,0.33,0.33,0,0.66,0,0,0.372,1.894,1
0,0,0,0,0,0,0,0,2,0
0,0,0,0,0,0,0,0,1.21,0
0,0,0,0,0,0,0,0.144,1.857,0
0,0,0,4.54,0,0,0,0,2,0
0,0,0.46,0,0.46,0,0,0.663,1.428,1
0,0,0,0,0,0,0,0,2.333,0
0,0,0,0,0,0,0,0.141,1.535,0
0,0,0,0,0,0.49,0,0.093,1.275,0
0,0,0,0,0.56,0,0,0,1.035,0
0,0,0,0,0,0,0,0,2,0
0.27,0,0.82,0,0,0,0,0.13,4.6,1
0,0,2.32,2.32,0,0,0.416,0,1,0
0,0,0.54,0,0,0,0,0.715,2.345,1
0,0,0,0,0,0,0,0,1,0
0,1.02,0,0,0,0,0.096,0,2.829,0
0,0,0,1.69,0,0,0,0,1,0
0.29,1.04,0.29,0,0,0,0,0.105,10.817,1
0,0,0,0,0,0,0,0,3.179,0
0.65,0,0,0,0,0,0,0.288,3.065,1
0,0,0.8,0,0.8,0,0,0.823,2.815,1
0,0,0.62,0,0,0,0.895,0,1.712,0
0,0,3.12,0,0,0,0,0.462,3.125,1
0,0,0,0,0,0,0,0,4.36,0
0,0,0,0,0,0.48,0.067,0,3.322,0
0,0.32,0,0,0,0,0.226,0,2.754,0
0,0,0,0,0.62,0,0,0.594,2.125,0
0,0.1,0,0,0,0,0,0,1.133,0
0.18,0.28,0.89,0,0.28,0.04,0,0.522,5.759,1
0,0,0,0,0,0,0,0,1.8,0
0,0,0,0,0,0,4.123,0.073,6.186,0
0.4,0,0.4,0,0,0,0,0.121,1.979,1
0,0,0.13,0,0.26,0,0,0,2.876,0
0,0,0,0,0.54,0,0,0,4.114,0
0,0,0,0,1.03,0,0,0.17,3.809,1
0,0,0,0.9,0,0.12,0,0,5.264,0
0,0,0,0.41,0,0,0,0,1.804,0
0.23,0,0,0,0.7,0,0,0,2.42,0
0,0,0,0,2.27,0,0,0,1.2,0
2.29,0,0,0,0,0,0,0,3.85,1
0,0,0,0,0,0,0,0.161,1.25,0
0,0,0,0,1.29,0,0,0,1,0
0,0,0,0,0,0,0,0,3.076,0
0,0,0,0,0,0,0,0,1.8,0
0.58,0,0.58,0,0,0,0,0.239,3.338,1
0,0,0,0,0,0,0,0.05,3.772,0
1.43,0,0,0,0,0,0,0.694,7.709,1
0,0,0.27,0,0,0.27,0.039,0,2.52,0
0,0,0,0,0,0,0,0,1,0
0,0,0,0,0,0,0,0.173,1.777,0
0,0.16,0.16,0,0.66,0,0,0.213,3.15,1
0,0,0,0,0,0,0,0.239,1.687,0
0,0,0,0,0,0,0,0,4.03,0
0,0,0,0,0,0,0,0.684,2,0
0,0,0,0,1,0,0,0.084,2.303,0
0,0,0.98,0,0,0,0,0.16,2.128,1
0,0,0.27,0,0.27,0,0.333,0.142,2.353,1
0,0,0,0,0,0,0,0,1.166,0
0,0,0,0,0,0,0,0,2,0
0,0,0,0,0,0,0.128,0,1.197,0
0,0.31,1.25,0,0.31,0,0,0.39,3.322,1
0,0,0,0,0.62,0,0,0.333,4.255,0
0,0,0,0,2.56,0,0,0.375,2.25,0
0,0,0,0,0,0,0.317,0.952,4.823,1
0,0,0,0,2.32,0,0,0,1,0
0,0,0,0,1.08,0,0,0,5.291,0
0,0,0,0,1.25,0,0,0,3.545,1
0,0,1.08,0,0,0,0,1.478,2,1
0,0,0,0,4.16,0,0,0,1.333,0
0,0,0,0,0,0,0,0,1,0
0,0,0,0,0,0,0,0.034,3.168,1
0,0,0,0,14.28,0,0,0,1.25,0
0,0,0,0,0,0,0,0,1.787,0
0,0,0,0,0,0,0,0.284,2,0
0.32,0,0.32,0,0.32,0,0,0,1.494,1
0,0,0,0,0,0,0,0,2.018,0
0,0,0,0,0,0,0,0,1.813,0
0,0,0.42,2.95,0,0,0.145,0,1.487,0
0,0,0.06,0,0.06,0,0.027,0,2.423,0
0,0,0,0,0,0,0,0.134,2.75,0
0,0,0,0,0,0,0,0,3.5,1
0.7,0,2.83,0,0,0,0,0.38,1.153,1
0.52,0,1.05,0,0,0,0,0.291,3.333,1
0,0,1.25,0,0,0,0,1.023,3.485,1
0,0,0,0,0,0,0.084,0,27.479,1
0,0.54,0.72,0,0,0,0,0.633,9.043,1
0,0,0,1.78,1.78,0,0,1.194,2.23,0
1.47,0,0,0,0,0,0,1.562,5,1
0,0.6,0.3,0,0,0,0,0.19,2.03,1
0,0,0,0,0.78,0,0,0.133,1.565,0
0,0,1.02,0,0,0,0,0,1.642,0
0,0,0,0,1.05,0,0,0,4.047,1
0.68,0,1.03,0,0,0,0,0.056,2.26,1
0,0,0,0,0,0,0,0,1.35,0
0,0,0,0.77,0,0,0.247,0,1.611,0
0,0,3.07,0,0,0,0,0.273,5.75,1
0,0,0,0,0,0,0,0,1.8,0
0,0,0,0,0,0,0,0,1.958,0
0,0,0,0,0,0,0,0,2.595,0
0,3.23,0,0,0,0,0.075,0.113,2.285,0
0,0,0,0,0,0,0,0.207,2.132,1
0,0,0,2.63,0,0,0,0.414,2.705,0
0,0,0,0,0,0,0,0,1,0
0.44,0,0.44,0,1.34,0,0,0.482,6.77,1
0,0,0,0,0,0,0,0.83,3.215,1
0,0,0,0,0,0,0,0,3.555,0
0,0,0,0,0,0,0,0,1.614,0
0,0,0,0,0,5.88,0,0,1,0
0,0,0,0,0,0,0,0.193,1,0
0,0,0.17,0.03,0,0,0,0.006,2.106,1
0,0,0,0,2.54,0,0,0,2.215,0
0,0,0,0,0,0,0,0,1.569,0
0,0,0,0,0,0,0,0.709,1.119,0
0,0,0,0,0,0,0,0.095,5.038,1
0,0,0,0,0,0,0,0,1,0
0,0,0.39,0,1.17,0,0,0.869,4,1
0.67,0.33,0,0,0,0,0,0,1.204,1
0,0,0,0,0.4,0.4,0,0,1.372,0
0,0.1,0,0,0.05,0,0,0.054,2.379,1
0,0,0,0,2.08,0,0,0,1.545,0
0,0,0,0,1.38,0,0,0,2.052,0
0,0.9,0,0,0,0,0,0.376,2.271,1
0,0,0.56,0,0.56,0,0,0.606,2.36,1
0,0,0,0,0,0,0,0,2.45,0
0,0,0.48,0.48,0.48,0.97,0,0,3.367,0
0,0,0,0,0.68,0.68,0,0.216,2.754,0
0,0.07,0,0,0,0,0.068,0,2.356,0
0,0,0,0,0,0,0,1.156,2.333,0
1.63,0,0.81,0,0,0,0,1.212,15.916,1
0,0,0,0.9,0.9,0,0.332,0,4.054,0
0,0,0,1.81,0,1.36,0.069,0,2.186,0
0,0,0,0,0,0.36,0,0,1.646,0
0,0,0,0,0,0,0,0,1,0
0,0,0,0,0,0,0,0.279,1.736,0
0,0,0,0,0.61,0,0.095,0.19,1.857,0
0.55,0,0.55,0,0,0,0,1.208,4.761,1
0,0,0,0,2.7,0,0,0,1,0
0.38,0.06,0,0,0,0,0.04,0.244,1.729,1
0,0,0,0,0,0.15,0,0,1.59,0
0.19,0,0,0,0,0,0.017,0.586,2.349,1
0,0,0,0,0,0,0,0,1.8,0
0,0,0.33,0,0,0,0,0.123,3.774,1
0,0,0,0,0.58,0,0,0.107,1.531,0
0,0,0,0,1.55,0.77,0,0.196,3.16,0
0.19,0,0,0,0,0,0,0.152,1.357,1
0,0,0,0,0,0,0,0,1,0
0,0,0,0,0,0,0,0,1.831,0
0,0,0,0,7.69,7.69,0,0,1,0
0,0,0,0,0,0,0,0,2.333,0
0,0,0,0,0,0.68,0,0,4.341,0
0,0,0,0,0,0,0,0,2,0
0,0,0,0,0.76,0,0,0.339,1.813,0
0,0,0,0,0,0,0,0,1.526,0
0,0,0,0,0,0,0,0,1.8,0
0,0,0,0.87,0.58,0,0.091,0,3.552,0
0.28,0.28,0,0,0,0,0,0.554,5.328,1
0,0,0.14,0,0,0,0.022,0,2.227,1
0,0,0,0,0,0,0,0.203,1.956,1
0,0,0,0.97,0,0,0,0,8.125,0
0,0,0.3,0,0.3,0,0,0,1.745,1
0,0,0,0,0,0,0,0,1.444,0
0,0,0,0,0,0,0,0.735,2.571,0
0,0,0,0,0,0,0,0.039,4.016,0
0,0,0,0,0,0,0,0,1,0
0,0,0,0,2.7,0,0,0,1.8,0
0,0,0,0,0.69,0,0,9.575,1.387,0
0,0,0,0,0,0,0,0,1.857,0
0,0,0.19,0,0.06,0,0,0.064,2.024,0
0,0,0,0,0,0,0,0.218,1.687,0
0,0,0.5,0,0,1.01,0.271,0.181,2,0
0,1.02,0,0,0,0.11,0.076,0,4.211,0
0,0,0,0,0,0,0,0,1.666,0
0,0,0,0,0.68,0,0.11,0.055,2.87,0
0,0,0,0,1.01,0,0,0.089,3.416,1
0,0,1.1,0,0.27,0,0,0.582,2.309,1
0.94,0,0,0,0,0,0,0,2.125,1
0,0,0.16,0,0,0,0,0,2.257,1
0,0.08,0,0,0,0,0.199,0,1.878,0
0,0,0.92,0,0,0,0,0,2.141,1
0,0,0,0,4.76,0,0,0,1.8,0
0,0,0,0,0,0,0,0.121,2.61,1
0,0,0,0,0,0,0,1.048,3.333,1
2.98,0,1.49,0,0,0,0,0,13,1
0,0,0,0,0,0,0,0,2.227,0
0,0,0.75,0,0.75,0,0,0.441,2,0
0,0,0,0,0,0,0,0,3.317,0
0,0,0,0,0,6,0,0,3.176,0
0,0,0,0,0.99,0.49,0,0.091,1.214,0
0.17,0,1.55,0,0,0,0,0,4.792,1
0.88,0,0,0,0,0,0,0,1.629,0
0,0,0,0,0,0,3.125,0.24,5.397,0
0,0.76,0.38,0,0,0,0,0.439,3.702,1
0,0,0,0,0,0,0,0,1,0
0,0.56,0,0,0,0,0,0.371,14.58,1
1.65,0,2.47,0,0.41,0,0,0.199,15.892,1
0.2,0,0,0,0,0.41,0,0.157,2.213,0
0,0,0,0,1.75,0,0,0,1.125,0
0,0,0.51,0,0,0.51,0,0.079,1.711,0
2.32,0,0,0,0,0,0,0.701,1.434,1
0.36,0,0.36,0,0,0,0,0.435,2.932,1
0,0,0,0,0,0,0,0.277,3.2,1
0,0,0.5,0.5,0.5,0.5,0,0,1.225,0
0.44,0,0,0,0,0,0,0.301,2.787,1
0,0,0.38,0,1.15,0,0,0.985,3.923,1
0,0,0,0,0,0,0,0,1.23,0
0,0,0,0,0,0,0,0,3.291,0
0.28,0,1.88,0,0,0,0,0.21,2.293,1
0,0,0,0,0.76,0,0,0,3.74,0
0,0,0,0,1.06,2.65,0,0,2.6,0
0,0,0,0,0.62,0.62,0,0,1.285,0
0,0,0,0,1.21,0,0,0,1.406,0
0.28,0.28,0.56,0,0.28,0,0,0.05,2.083,1
0,0,0,0,8.33,0,0,0,1,0
0,0,0,0,0,0,0,0,1.412,0
0,0,0,0,0,0,0,0.159,1.45,0
0,0,1.31,0,0,1.31,0,0,5.2,0
0,0.16,0,0.32,0.24,0,0,0.36,1.42,1
0,0,0,0,0,0,0,0.151,1.518,0
0,0,0,0,1.17,0,0,0.208,4.066,1
0,0,0,0.67,0.33,0,0.097,0.048,2.326,0
0,0,0,0,1.04,0,0,0.198,3.857,1
0,0,0,0,1.03,0,0,0.163,3.545,1
0,0,0,0,1.31,1.31,0,0,1.25,0
0,0,0,0,0,0,0,0,1,0
0.56,0,0.56,0,0,0,0,1.135,5.105,1
0,0,0,0,2.5,0,0,0,1.333,0
0,0,0,0,0,0,0,0,1.486,0
0.02,0.42,0.16,0,0.02,0,0,0.382,5.783,1
0,0.4,0,0,0,0,0.188,0,3.233,0
0,0,0,0,1.06,0,0,0.207,3.761,1
1.08,0,0.54,0,0.54,0,0,1.216,5.454,1
0,0,0,0,0,0,0,0,1.947,0
0,0,0.71,0,0,0,0,0.128,1.779,1
0,0,0,0,0,0,0,0.165,2.325,1
0,0,0,4.76,0,0,0,0,1,0
0,0,0,0,0,0,0,0,1,0
0,0.58,0.23,0,0.03,0,0.006,0.324,6.11,1
0.42,0,0,0,0.42,0,0.097,0.244,26.405,1
0.4,0,0.4,0,0,0,0,0.124,1.94,1
0,0.62,0,0,0,0,0.121,0,2.887,0
2.94,1.47,0,0,0,0,0,0.427,92.333,1
0,0,0,0,0,0,0.131,0,1,0
0,0,0,0,0,0,3.846,0,6.333,0
1.18,0.59,0,0,0,0,0,0.421,6.275,1
0,0,0,0,0,0,0,0,3.475,0
0,0.31,0.63,0,0,0,0,0.055,3.509,1
0,0.08,0,0,0,0,0.034,0,2.023,0
0,0.29,0.32,0,0.07,0,0.016,0.64,3.697,1
0,0,0,0,0.68,0,0,0,2.285,0
0.5,0.8,0.1,0,0.1,0.1,0,0.491,8.55,1
0,0,0,0,0,0,0,0,2,0
0.56,0,1.41,0,0.28,0,0,0.153,9.25,1
0,0,0,0,0,0,0,0,1,0
0,0,0.45,0,0,0,0,0.138,5.809,1
0,0,0.36,0,0,0,0,0,2.854,0
0,0,0,0,0,0,0.213,0.106,2.714,0
0,0,0,0,0,0,0.07,0,1.363,0
0.16,0.16,0,0.66,0,0,0,0.02,2.604,0
0,0,0,0,0,0,0,0.08,2.111,1
0,0,0,0,0.33,0.33,0.28,0.112,2.96,1
1.03,0,0.51,0,0,0,0,0.6,1.447,1
0,0,0,0,0,0,0,0,2.928,0
0,0,0,0.61,0,0,0.179,0,1.24,0
0,0,0,0,0.61,0,0,0,1.59,0
0,0,0,0,0,0,0,0,1,0
0,0,0,0,0.56,0,0,0,1.15,0
0,0,0,3.84,0,0,0,0.26,2.2,0
0,0,0,4.16,0,0,0,0.689,1.3,0
0,0,0,0,0,0,0,0,3.571,0
0,0,0,0,0,0,0,0,1.666,1
0,0.14,0,0,0,0,0,0.156,1.394,1
0,0,0,0,2.17,2.17,0,0.371,1.714,0
0,0,0,0,0.68,0,0,0,2.277,0
0,0,0,0,0,0,0,0,2.307,0
0,0,0,0,0.47,1.91,0,0.076,1.833,0
0.65,0,0,0,0.65,0,0,1.461,2.973,1
0,0,1.42,0,0,0,0,0.899,3.066,1
0,0,0,0,0,0,0,0,1.166,0
0,0,1,0,0,0,0,0,1.806,0
0,0,0,0,0,0,0,0,1,1
0,0,0,0,0,0,0,0,1,0
0,0,0,0,0,0,0,0.214,1.263,0
0,0,0,0,0.37,0,0,0.135,1.437,0
0,0,0.69,0,0,0,0,0.254,2,0
0,0,0,0,0,0,0,0.037,12.43,0
0,1.01,0.11,0,0,0,0,0.056,2.153,1
1.56,0,0,0,0,0,0,1.363,1.348,1
0,0,0,0.09,0,0,0.026,0.013,2.658,0
0,0,0,0,1.17,0,0,0.924,1.966,1
0,0,0,0,0,0,0,0,1.419,0
0,0,0,0,0.33,0,0.031,0.561,1.462,0
0,0.76,0.08,0,0,0,0.157,0,2.883,0
0,0,0,0,0,0,0,0,2.967,0
0,0,0,0,0,0,0,0,2.272,0
0,0,0,0,0,0,0,0,1.795,0
0,0,0,0,0,0,0,0,2.292,0
0,0,0,0,0,0,0,0.312,1.08,0
0,0,0,0,0,0,0,0,1,0
0,0,0,3.44,0,0,0,0.25,2.619,0
0,0,0,0,0,0,0,0.308,1.148,0
0,0.08,0.08,0,0,0,0,0.094,2.531,1
0,0,0,0,1.24,0,0,0.225,1.866,0
0,0,0,0,0,0,0,0,2.166,0
0,0,0,0,7.14,0,0,0,1.333,0
0,0,0,0,0,5.88,0,0,1,0
0,0.31,0.1,0,0,0,0.043,0,2.409,0
4.08,0,0,0,0,0,0,0.257,4.181,1
0,0,0.55,0,0,0,0,0.085,1.142,0
0.9,0,0,0,0,0,0,0.546,2.818,1
0,0,0,0,1.25,1.87,0,0,2.704,0
0,0,0,9.09,0,0,0,0,1.666,0
0,0,0,0,0,0,0,0,2.421,0
0,0,0,0,1.62,1.62,0,0,1.636,0
0,0,0,0,0,1.36,0,0,4.05,0
0.57,0,0,0,0.57,0,0.072,0.072,7.512,1
0,0,0,0,0,0,0.021,0.021,3.789,0
0,0,0,0,0.22,0.22,0,0.041,1.5,0
0,0,0,0,0,0,0.222,0.444,2.413,1
0,1.15,0.19,0,0,0,0.027,0.438,14.619,1
0.29,0,1.16,0,0,0,0,0.044,1.559,1
0.9,0,0,0,0,0,0,0.537,2.782,1
0,0,0,0,0.68,0.34,0.116,0,2.333,0
0,0,0,0,1.78,0,0,0,2.388,0
0,0.39,0,0,0,0,0.017,0,2.848,0
0.44,0,0,0,0,0,0.215,0.43,2.403,1
0,0.57,0.57,0,0,0,0,0.232,20.432,1
0,0,0,0,0,0,0,5,1,1
0,0.42,0.14,0,0.42,0,0,0.381,2.322,1
0,0,0,0,0,0,0,0,1.5,0
0,0,0,0,0,0,0,1.9,1.763,1
0,0,0,0,0,0,0,0,3.851,1
0,0,0.48,0,0,0,0,0.963,3.1,1
0,0,0,0,0.81,0,0,0.134,1.366,0
1.05,0,1.05,0,0,0,0,1.276,3.062,1
0,0,0,0,0,0,0,0,1,0
0,0,0,0,0,0,0,0,1.677,0
0,0,0,0,0,0.81,0,0,1.558,1
0,0,0,0,1.26,0,0,0.215,4,1
0,0,0,0,0.64,0,0,0.129,2.142,0
0,0,0,0,0,0,0,0,3.983,0
0.05,0,0,0,0,0,0.01,0.441,4.945,1
0,0,0.32,0,0.32,0,0,0.477,4.273,1
0,0,0,0,0,0,0,0,2.451,0
0,0,0,0,0,0,0.087,0,1.657,0
0,0,0,0,0.53,0,0,0.09,1.825,0
0,0,0,0,0,0,0.176,0,1.476,0
0,0.44,0.55,0,0,0,0,0.367,2.559,1
0,0,0,4.91,0,0,0,0,1.545,0
0.9,0,0,0,0,0,0,0.774,1,1
0,0,0,0,0,0,0,0,4.791,0
0,0,0,1.44,1.44,0,0,0,5.357,0
0,0,0,0,0,0,0,0,17.904,0
0,0,0,0,0,0,0.17,0.511,4.617,1
0,0,0,0,0,0,0,0,1,0
0,0,0.43,0,0,0,0,0.31,1.477,1
0.22,0,0,0,0,0,0,0.073,2.574,0
0,0,0,0,0.8,0.8,0,0,1,0
0,0,0,0,0.48,0,0,0.138,1.986,0
0,0,0,0,0,0.2,0.061,0,2.61,0
0,2.29,0,0,0.76,0,0,0,4.242,0
0,0,0,0,0,0,0,0,2.166,0
0,0,0,0,0.7,0,0.126,0,1.375,0
0,1.52,0.3,0,0,0,0,1.051,6.686,1
0,0,0,1.21,0,1.82,0,0,6.09,0
0,0,0,0,0.65,0,0,0.116,2,0
0,0,0,0.75,0.75,0,0,0,1.833,0
0,0.09,0,0,0.27,0,0.015,0.249,3.689,1
0,0,0,0,0,0,0.124,0,1.8,0
0,0,0,0,0,0,0,0,3.333,0
0,0,0,0.34,0,1.02,0.049,0,1.637,0
0,0,0,0,0,1.33,0,0,1.731,0
0,0,0,0,0.54,0,0,0,3.533,0
0,0,0,0.07,0,0.15,0.011,0,2.255,0
0,0,0,0,0,0,0,0.102,1.52,0
0,0.09,0,0,0,0,0.765,5.828,6.047,1
0,0.25,0,0,0,0,0,0.041,3.181,1
0,0,0,0,0,2.32,0,0,3.312,0
0,0,0,0,0,0,0,2.272,1.75,0
0.48,0,0.48,0,0.48,0,0,0.486,5.13,1
0,0,0,0,0,1.2,0,0,1.3,0
0,0,0,0,0,0,0,0,2.277,0
0,0,0.38,0,0,0,0,0.609,2.666,1
0,0,0,0,0,0,0,0,2,0
0,0,0,0,0,0,0,0,5.888,0
0,0.16,0,0.96,0.32,0.16,0,0,4.771,0
0,0,0,1.42,0,0,0,0,1.766,0
0,0,0,0,0,0,0,0,1.714,0
0,0.01,0.11,0.03,0.01,0.23,0.008,0.002,2.106,0
0,0,0,0,2.56,1.28,0,0,3.772,0
0,0,0,0,0,0,0,0,1,0
0,0,0.6,0,0,0,0,0.102,4.512,1
0,0,0,0,0,0,0,0,1.48,0
0,0,0,0,0,0,0,0,1,0
0,0,0,0,0,0,0,0,2.941,0
0,0,0,0,0,0,0.03,0,2.426,0
0,0,0,0,0,0,0,0,1.952,0
0,0,0,0,0,0,0,0.225,4.906,1
0,0,0,0.94,0.62,0,0.164,0,1.671,0
0,0,0.21,0,0,1.48,0,0,2.807,1
0,0,0,0,0,0,0.073,0,1.354,0
0,0,0,0,2.12,0,0,0,2.692,0
0,0,0.61,0,0.61,0,0,0.448,5.277,0
0,0.32,0,0,0.64,0.16,0,0.057,1.698,0
0,0,0,0,0,0,0,0,1,0
0.39,0,0.39,0,0,0,0,0.124,1.94,1
0,0.68,0.68,0,0,0,0,1.143,3.737,1
0,0,0,0,0.35,0,0,0.372,1.641,0
0,0,0,0,0,0,0,0,10.036,0
0.49,0.65,0.9,0,0.08,0,0,0.241,6.544,1
0.98,0.32,0.49,0,0,0,0,0.179,2.922,1
0,0,0,0,0,0,0,0,1,0
0,0.2,0.2,0,0,0,0,0.831,1102.5,1
0,0,0,0,0,0,0,0,1.476,0
0,0.91,0,0,0,0,0,0.532,2.9,1
0,0,0,0,0.61,0,0.196,0.098,1.312,0
0,0,0,0,0,0,0,0,1.64,0
0,0,0,0,0,0,0,2.631,1.666,1
0,0,0,0,0,0,0,0,1.722,0
0,0,0.88,0,0,0,0,0,1.512,1
0,0,0.29,0,0.59,0.29,0,0.344,1.843,0
0,0,0.92,0,0,0,0,0.795,4.869,1
0,0,0,0,0.94,0,0,0.756,1,0
0,0,1.29,0,0,0,0,0.462,2.44,1
0.59,0,0,0,0.29,0,0.089,0.044,1.6,0
0.5,0,0,0,0,0,0,0.178,1.792,1
0,0,0.52,0,0,1.56,0,0.077,1.388,1
0,0.16,0.24,0,0.32,0,0,0.337,3.502,1
0,0,0,9.09,0,0,0,0,1.25,0
0,0,0,2.12,0,0,0,0,1.238,0
0,0,0,0,0.19,15.35,0.086,0.028,3.377,0
0,0,0,0,0,0,0,0,1.555,0
0,0,0,0,0.26,0,0.753,0.037,1.797,0
0,0,0,0.33,0.99,0.33,0,0.116,1.271,0
0,0.09,0,0,0.27,0,0.015,0.252,3.816,1
0,0,0,0,0,0,0,0,1.166,0
0,0,0,0,0,0,0,0,1.8,0
0,0,0.94,0,0,0,0,3.571,1.3,1
0,0,2.32,0,0,2.32,0,0.375,1.444,0
0,0,2.58,0,0,0,0.233,0.116,2.926,1
0,0,0,0,0,0,0,0,1.3,0
0,0,1.03,0,1.03,1.03,0,0,2.843,0
0,0,0,0,0,0,0,0,1.25,0
0,0,0,0,0,0,0,0.058,1.068,0
0,0,0,0,0,0,0,0.537,2.777,1
0,0,1.75,0,0,0,0,0.238,4.375,0
0,0,0,0,0,5.05,0,0,3.043,0
0,0,0,0,0,0,0,0.281,1.363,0
0,0,0,0,0,0,0,0,2.333,0
0,0,0,0,0,0,0,0,5.888,0
0,0.23,0.23,0,0,0,0,1.045,4.022,1
0,0.09,0.13,0,0.18,0,0.008,0.145,3.575,1
0,0,0,0,0.61,0,0.131,0,1.837,0
0.69,0,0,0,0,0,0,0.701,8.781,1
0,0,0,0,1.09,0,0,0.392,1.829,0
0.03,0.4,0.54,0,0.07,0,0.012,0.334,3.305,1
0,0,0,0,0,0,0,0,1.392,0
0,0,0,0,1.38,2.77,0,0,1.72,0
0.46,0,0,0,0,0,0,0.37,6.137,1
2.1,0,0,0,0,0,0,0,2.695,1
0.65,0,0.65,0,0.65,0,0,1.765,3.025,1
0,0,0,0,0,0,0,0,1.8,0
0,0,0,0,0.65,0,0.127,0,1.137,0
0.3,0,0,0,0,0,0.046,0.092,2.074,1
0,0,0,0,1.25,0,0,0,3.545,1
0,0,0,0,0,0,0,0,1.5,0
0,0,0,0,0,0,0.079,0,1.115,0
0,0,0,0,0,0.64,0,0,1,0
0,0,0,0,0,0,0,0,3.5,0
0,0.71,0,0,0,0,0.096,0,3.617,0
0,0,0,0,0,0,0,0,2.714,0
0.68,0,0.68,0,0.34,0,0,0.366,1.895,1
0,0,0,0,0,0,0.17,0.17,1.692,0
0,0,0,0,0,0,0.029,0,3.574,0
0,0.36,0,0,0,0,0,0,1.277,0
0,0,3.89,0,0,0,0,0.728,6.612,1
0,0,0,0,0,0,0.016,0.05,2.414,0
0,0,0.41,0,0.41,0,0,0.481,3.166,1
0,0,4.59,0,1.14,0,0,1.939,8.461,1
0.23,0,2.14,0,0,0,0,0.434,8.026,1
0,0,0,0,0,0,0,0,3.666,1
0,0.28,0,0,0,0,0,1.294,3.979,1
0,0,0.22,0.45,0.22,0,0.159,0.199,6.091,1
0,0,0,0.28,0,0.28,0,0.043,1.3,0
0.4,1.42,0.1,0,0,0,0,0.975,3.186,1
0,0,0,0,0,6.66,0,0,1,0
0,0,0,0,0,0,0,2.413,3.384,1
0,0,0,0,0,0,0,0.147,1.962,0
0,0,1.35,0,2.7,0,0,3.588,2.516,1
0.03,0.4,0.54,0,0.07,0,0.012,0.337,3.305,1
0,0,0,0,0,0,0,0,1.416,1
0,0,0,0,0,0,0,0.26,13.5,1
0,0,0,0,0,0,0,1.385,20,1
1.15,0,0.38,0,0,0,0,0.486,1.608,1
0.73,0,0.73,0,0,0,0,0.875,2.08,1
0,0,0.45,0,1.35,0,0,2.115,2.651,1
0.27,1.11,0,0,0,0,0,1.294,4.745,1
0,0,0,0,0,0,0,0,2.084,0
0,0,0,0,0,0,0,0,1.714,0
0,0,0,0,0.18,0,0.031,0,1.428,0
0,0,0.48,0,0.48,0,0,0.45,1.138,0
0,0,0,0,0,0,0,1.16,1.8,1
0,0,0,0,0,0,0,0,1.5,1
0,0,0,0,0.82,0,0,0.119,1.272,0
0,0,0,0,0,0,0,0,1,0
0,0,0,0.52,0,0,0,0,3.888,0
0,0,0,0,6.25,0,0,0,1,0
0.81,0,3.27,0,0,0,0,0.64,7.651,1
0,0.44,0.55,0,0,0,0,0.367,2.559,1
0,0,0,0,2.77,0,0,0.438,1.214,0
0,0,0,0,0,0,0.079,0,2.508,0
0,0,0,0,0,0,0,0,1.857,0
0.03,0.54,0.25,0,0.1,0,0.011,0.458,6.601,1
0,0,0,0,0,0,0,0,1.12,0
0,0,0,0,0,1.85,0,0,1,0
1.04,0,2.08,0,1.04,0,0,0,10.692,1
0.32,0,0.32,0,0.32,0,0,0,1.494,1
2.53,1.26,0,0,0,0,0,0.537,72.5,1
0.4,1.42,0.1,0,0,0,0,1.01,3.199,1
0,0,0,0,0,0,0,0,2.272,0
0,1.32,0.66,0,0,0,0,0.659,9.1,1
0,0,0.81,0,0,0,0,0.258,2.826,1
0,0,0,0,0,0.22,0.019,0.004,2.393,0
0,0,0,0,0,0,0,0,1.769,0
0,0,0,0,0.93,0,0,0.464,1.612,1
0,0,0.35,0,0.35,0,0,0.897,4.43,1
0,0,0.24,0,0.12,0,0.061,0.041,2.351,1
0,0.54,0.21,0,0.03,0,0.012,0.478,6.518,1
0,0,0,0,0,0,0,0,5.888,0
0,0,0.78,0,0,0,0,0,4.111,1
0,0,0,0,21.42,0,0,0,1.125,0
0,0,0,0,0,0,0,0.25,1.285,0
0.56,0,0.22,0,0,0.11,0.019,0.574,3.155,1
0,0,1.03,0,0,0,0,0.176,2.766,1
2.18,0,0,0,0.54,0,0,0.471,15.08,1
0,0,0,0,0,0,0,0.942,5.114,1
0,0,0,0,0,0,0,0,1.6,0
0,0,0,0,0,2.73,0.098,0,2.044,1
0.09,0.79,0,0,0.04,0,0.015,0.431,3.37,1
0,0,0,0,0,0,0,0.699,9.2,1
0,0,0,0,0,0,0,0,2.909,0
0,0,0,3.22,0,0,0,0,2.666,0
0,0.25,0,0,0,0,0,0.371,2.878,1
0,0,0,0,0,0,0.022,0.022,3.482,0
0,0,0,0,1.28,0,0,0.225,1.902,0
0,0,0,0,0,0,0,0.11,1.083,1
0,0,0,0,7.14,0,0,0,1.6,0
0,0,0,0,0,0,0,0.27,1.5,0
0,0,0,0,0.34,0,0,0,1.784,0
0.8,0,0.8,0,0,0,0,0.269,3.115,1
0,0,0.43,0,0,0,0,0.31,1.477,1
0,0,0,0,0,0,0.037,0,1.531,0
0,0.22,0,0.02,0,0,0.185,0,2.838,0
0,0,0,0.91,0.3,0,0.088,0.044,2.222,0
0,0,1.23,0,1.23,0,0,0.234,4.176,1
0,0,0,0,2.7,0,0,0,2.538,0
0.07,0.67,0,0,0,0,0,0.119,3.429,1
0,0,0,0,0,0,0,3.225,1,0
0,0,3.26,0,0,0,0,2.152,5.21,1
0,0,0,0,0.12,0.24,0,0,1.433,0
0,0,0.77,0,0,0,0,0,2.4,0
0,0,0,0,0,0,0,0,3.25,0
0,0,0,0,2.63,0,0,0,1,0
0,0,0,0,0,0,0,0,1.6,0
0,0,0,0,3.33,0,0,0,1,0
0,0,0,11.11,0,0,0,0,1.222,0
0,0,0,0,0.9,0,0,0,1.727,0
0,0,0,0,0,0,0,0,1,0
0,0,0,0,0,0,0.182,0,2.25,0
0,0,0,0,0,0,0,0.342,1,0
0,0,0,0,0,0,0,0.153,3.317,1
0,0,0,0,0,0,0,0.271,1.057,0
0.6,0,0,0,0,0,0,0.619,6.166,1
0,0,0.18,0,0,0,0,0.07,2.616,1
0,0,5.91,0,0,0,0,0.293,1.69,1
0,0,0,0,1.37,0,0,0.164,1.076,1
0,0,0,0,1.2,0,0,0.085,1.735,0
0,0,0,0,0,0.97,0,0,3.391,0
0,0,0,0,0,0.34,0,0.406,1.425,0
0,0,0,0.71,0.35,0,0.123,0,2.241,0
0.19,1.38,0.98,0,0,0,0,0.741,6.652,1
0,0,0,0,0,0,0,0,4.5,1
0,0,0,0,0.67,0,0,0.332,2.315,1
0,0,0,0,0,0,0,0,2.234,0
0,0,0,0,0,0,0,0,2.888,0
0,0,0,0,0,0,0,0.074,2.534,0
0.36,0,0.36,0,0,0,0,0.414,3,1
0,0,0,3.27,1.63,0,0,0,1.181,0
7.27,0,0,0,0,0,0,0.297,2,1
0,0,0,0,0,0,0,0,2,0
0.31,0,0.95,0,0,0,0,0.102,5.708,1
0,0,0,0,2.12,2.12,0.374,0,1,0
0,0,0,0,0.62,0,0,0.169,1.863,0
1.96,0,0,0,0,0,0.163,0.326,2.3,1
0,0,0,0,1.69,0,0,0.278,1.777,0
0,0,0,0,2,2,0,0,1,0
0,0,0,0,1.36,0,0,0,1,0
0,0,0,0,0,9.09,0,0,2.428,0
0,0.37,0,0,0,0,0,0.31,2.548,1
0,0,0,0.06,0.06,0.19,0.317,0.093,1.11,0
0,0,0,0,0,0,0,0,4,0
0,0,0,0,0,0,0,0,1.785,0
0,0,0,0,0,0,0,0,2.95,0
0,1.12,0,0,0,0,0.361,0,2.875,0
0,0,0.26,0,0.26,0,0.037,0,2.545,0
0,0.28,0,0,0,0,0.054,0,1.82,0
0,0,0,0,0,0,0.377,0,4.807,0
0,0,0,0,0,0,0,0,1,0
0,0,0,0,1.26,2.53,0,0,2.842,0
0.7,0,1.65,0,0.23,0,0,1.362,5.236,1
0,0,0,0,0,0.54,0,0,1,0
0,0,0,0,0.14,0,0.058,0,2.345,0
0,0,0,0,0,0,0,0,1.969,0
0,0,0,0,0,0,0,0,1,0
0,0,0.39,0,0,0.39,0,0.261,2.89,0
0.43,0,0,0,0,0,0,0.065,9.269,1
0.11,0.34,0.46,0,0,0,0.075,0.322,2.576,1
0,0,0,0,2.32,0,0,0,1,0
0,0,0,0,0,1.4,0,0,1,0
0.14,0,0.29,0,0,0,0,0.558,1.517,1
0,0,0,0,0.48,0,0,0,1.353,0
0,0,0,0,0,0,0,0,1.794,0
0,0,0,0,0,0,0,0,1.4,0
0,0,0,0,0,0,0,0,2.217,0
0,0,0,0.37,0.74,1.48,0.116,0.029,3.455,0
0,0,0,0,0,0,0,0,1,0
0,0,0,0,0.87,1.75,0,0.259,1.681,0
0,0,1.28,0,0,0,0,0.724,3.071,1
0.17,0,0,0,0,0,0.028,0.085,3.564,1
0,0,0,0,0,0,0.232,0,1.976,0
0,0,0.34,0,0,0,0,0.718,3.718,1
0,1.28,0,0,0.64,0,0,0.197,2.35,0
0.72,0,0,0,0,0,0,0.729,7.781,1
0.25,0,0.5,0,0,0,0,0.375,4.2,1
0,0,0,0,0.89,0,0,0.045,1.276,0
0,0,3.34,0,0,0,0,0.878,5.985,1
0,0,0,0,0,0,0,0,1,0
0,0,0,0,0.35,0,0,0.233,3.414,1
0,0,0,0,0,0,0,0,1.666,0
0,0,0,0,0,0,0,0,3.533,0
0.49,0,0,0,0,0,0.336,0,5.61,0
0.8,0,1.61,0,0,0,0,0.21,4.49,1
0,0,0,0,1.11,0,0,0.176,2.1,0
0,0,0,0,7.69,0,0,0,4.8,0
0.21,0,0,0,0,0,0,0.465,9.052,1
0,0,3.57,0,0,0,0,0.675,2.23,1
0,0,0,0,0,0,0,0,4.818,1
0,0,0,5.26,5.26,0,0,0,1.25,0
0,0,3.7,0,0,0,0,0,1.166,0
0,0,0,0,1.42,1.42,0,0,3.555,0
0,0.42,0,0,0,0,0,0.141,11.288,1
0,0,0,0,0,0,0,0,2.777,0
0,0,0,0,0.73,0,0,0.041,1.792,0
0,0,0,0,0,0,0,0,2.111,0
0.26,0,0.26,0,0,0,0.462,0.378,13.82,1
0,0,2.22,0,0,0,0,0.145,2.95,1
0,0,0,0,0,0,0.161,0,2.296,0
0,0,0,0,0,0.32,0,0,1.147,0
0,0,0,0,0,0,0,0,2,0
0,0.48,0.64,0,0.16,0,0,0.594,5.683,1
1.65,0,0.82,0,0,0,0,1.36,15.5,1
0,0,0,0,0,0,0,0,1.4,0
0,0,1.33,0,0,0,0,1.326,2.2,1
0,0,0,0,0,0,0.084,0,2.25,0
0,0,0,3.7,1.23,0,0,0,1.058,0
0,0,0,0,0,0,2.053,0,6.113,0
0,0,0,0,0,0,0,0,3,0
0,0,0,0,0.56,0,0,0,1.663,0
0,0,0.32,0,0,0,0,1.065,3.932,1
0,0,0,0,3.12,0,0,0.467,1,0
0,0,0,0,0,0,0,0,3.857,0
0,0,0,0,0,0,0,0,1.8,0
0,0,0,0,0.86,0,0,0,3.26,0
1.56,0,1.56,0,1.56,0,0,0.7,2.125,1
0,0,0,0,0,0,0,0.6,4.02,1
0.25,0.59,0.25,0,0.08,0.08,0,0.435,7.497,1
0,0,0,0,0,0,0,0,5.888,0
0,0,0,0,0.06,0,0.009,0.047,1.948,0
0,0,0,0,0,0,0.066,0.267,4.18,1
0.23,0,0,0,0,0,0,0.238,3.184,1
0,0,0,0,0.65,0,0.153,0,5.555,0
0,0,0,0,0,0,0,0,2.05,0
0,0,0,0,0,0.24,0,0,2.192,0
0,0.72,0.36,0,0.36,0,0,1.203,18.4,1
1.41,0,0.47,0,0,0,0,0.145,4.041,1
0,0,0,0,0,0,0,0,2.705,0
0,0.13,0.27,0,0,0,0.021,0.364,13.884,1
0,0,0,0,0,0,0,1.149,1.461,1
0,0,0,0,0.53,0,0,0,2.097,0
0,0,0,0,0,0,0,0,1.294,0
0,0,0,0,0,0,0.08,0,2.275,0
0,0,0,1.05,0,0,0,0,2.541,0
0,0,0,0,0,0,0,0,8.733,1
0,0,0,0,1.55,0,0,0.159,1.346,0
0,0,7.69,0,0,0,0,1.169,3,1
0,0.34,0,0,0,0,0,0,1.583,0
0,0,0,0,0,0,0,0.432,2,0
0,0,0,0,0,0,0,0.2,1.064,1
0,0,0,0,0,0,0,0.937,11.888,1
0,0,0,0,0.39,0,0,0,3.153,0
0,0,0,0,0,0.14,0,0.021,1.715,0
0,0,0,0,0.89,0,0.149,0,2.259,0
0,0,0,0,0,1.85,0,0,3.055,0
0,0,0,0,0,0,0,0.349,1.47,0
0,0,0,0,0,0,0.048,0.048,1.99,0
0,0.09,0,0,0,0,0.767,5.84,5.96,1
0.17,0,0.17,0,0,0,0,0.315,6.364,1
1.02,0,2.04,0,0,0,0,0,1.47,1
0,0,0,0,0,0,0,0,1,0
0,0,0.22,0,0,0,0,0,2.182,0
0,1.01,0,0,0,0,0.171,0,3.189,0
0,0.29,0.04,0,0.19,0,1.117,0.356,12.332,1
0,0,0,0,0,0,0,0,1.426,0
1.47,1.47,0,0,0,0,0,0.294,71.5,1
0,0,0,0,0.67,0,0,0.471,1.033,0
0,0,0,0,0.9,0,0,0.281,1.551,0
0,0.24,0.24,0,0,0,0,0,5.555,1
0,0,0,0,0,0,0,0,1.8,0
0.06,0.57,0,0.06,0,0,0,0.133,3.29,1
0,0,0,0,0,0.46,0,0,1.904,0
0,0,0,0,0,0,0,0,1,0
0,0.23,0.59,0,0.11,0,0,0.155,3.625,1
0,0,0,0,0,0,0,0,1.888,0
0,0,0,0,0,0,0,0,1.754,0
0,0,0.87,0,0.58,0,0,0.265,3.121,1
0,0,0,0,0,0,0,0.116,1.619,0
0,0.08,0,0,0.26,0,0.031,0.078,1.114,0
0,0,0,0,0,0,0,0,14,0
0,0,0,0,0.17,0,0,0.057,1.472,0
0,0,1.04,0,1.04,0.34,0,0,1.963,0
0,0,0,0.53,1.06,0,0.425,0,2.567,0
0,0,0,0,0,0,0.261,0.785,4.333,1
0.66,0,0.82,0,0,0,0,0.248,6.161,1
0,0,0,0,0,0,0,0,1.214,0
0,0,1.4,0,0,0,0,0,1.393,0
0.04,0.4,0.23,0,0.02,0,0,0.318,5.349,1
0.15,0.15,0,0,0.15,0,0,1.3,5.241,1
0,0,0,0,0,0,0,0,3.989,0
0,0,0,0,0,0,0,0.432,1,0
0,0,0,0,0,0,0,0,5.888,0
0,0,0,0,0,0,0,0,3.193,0
0.46,0,1.86,0,0,0,0,0.571,4.63,1
0,0,0.73,0,0.73,0,0,0.211,1.333,1
0,0.67,0.2,0.13,0.06,0,0.021,0.096,3.353,1
1.06,0,1.06,0,0.53,0,0,1.208,5.558,1
0,0,0,0,0,0.76,0.607,0.055,3.766,0
0,0,0,0,0,0,0,0,1,0
0,0,0,14.28,0,0,0,1.123,1.3,0
0,0,0,0,0,0,0,0,2.211,0
0,0,0,0,0.31,0,0.078,0,1.945,0
1.61,0,0,0,0,0,0,0.23,4.941,1
0,0,0,0,0,0,0,0,1,0
0,0,0,0,0.87,0,0,0,1.785,0
0,0,0,0,0,0,0,0,1,0
0,0,0,0,0,0,0,0,3.677,0
0.32,0,0.32,0,0.64,0,0,0,1.494,1
0,0,0,0,0,0,0,0,3.178,0
0,0,0,0,0,0,0,0,1.8,0
0,0,0,0,1.08,0,0,0.191,3.95,1
0,0,1.07,0,0,0,0,2.395,82.25,1
0,0,0.86,0,0,0,0,0.928,2.409,1
0,0,0,0,8.33,0,0,0,4.333,0
0,0,0,0,0,0,0.072,0,2.121,0
0,0.05,0,0,0,0,0.01,0.01,1.79,1
0,2.48,0,0,0,0,0,0,10.159,1
0.66,0,0.66,0,0,0,0,0.406,6.932,1
0,0.32,0,0,0,0,0,1.178,3.613,1
0,0,0,0,0,0,0.034,0,1.085,0
0,0,1.07,0,0.53,0,0,0.367,2.161,0
0,0.09,0,0,0,0,0,0.029,4.192,1
0,0.13,0,0,0,0,0,0,2.496,0
0,0,0,0,0,0,0,0,1.8,0
1.07,0,2.15,0,0,0,0,0.145,1.823,1
0,0,0,0,0.84,0,0,0.129,1.859,1
0.98,0.32,0.49,0,0,0,0,0.179,2.922,1
0,0,0,0,0,0,0,0.105,3.428,1
0,0,0,0,0,0,0,1.094,1.428,1
0,0,0,0,0,0,0,0,2.769,1
0,0,0.49,0,0.49,0,0.036,0.147,2.587,0
0,0,0,0,0,0,0,0,2.425,0
0,0.1,0.15,0,0.2,0,0.008,0.149,3.629,1
0,0,0,0,0.43,0,0,0.065,2.983,0
0.27,0,1.35,0,0,0,0,0.329,44.72,1
0,0,0,0,0,0,0,0,1.48,0
0,0,0.13,0.13,0,0,0.02,0.04,1.823,0
0,0,0,0,0,0,0,0,1,0
0,0,0,0,0,0,0,0,5.225,1
0,0,0,0,0,0,0,0.074,3.904,0
0,0.06,0,0,0,0,0,0,1.206,1
0,0,0,0,0,1.38,0,0.208,2.655,0
0,0,0,2.7,0,0,0,0.087,2.363,0
0,0.51,0,0,0,0,0.165,0,2.777,0
0.5,0.8,0.1,0,0.1,0.1,0,0.488,8.55,1
0,0,0.62,0,0,0,0,0.345,5.132,1
0,0,0,0,0,0,0,0,2.35,0
0,0,0,0,0,0,0,0,1.79,0
0,0,0.58,0,0.11,0,0,0.733,8.192,1
0,0,0,0,0,0,0,0,3.657,0
0,0,0,0,0,0,0,0,1.5,0
0,0,0,0,0,0,0,0,1.733,0
0.17,0,0,0,0,0,0.029,0.117,3.521,1
0,0,0,0,0,0,0,0,1,0
0,0.22,0.45,0,0,0,0,1.599,4.947,1
0,0,0,0,0,0,0,0,1.384,0
0.68,0,0,0,0,0,0,0,3.369,0
0,0,0,0,8.33,0,0,0,3.714,0
0,0,0,0,0,0,0,0.845,4.194,1
0.05,0.05,0,0,0,0,0.01,0.02,1.796,1
0,0,0,0,0.91,0,0,0,1,0
0,0,0,0,0,0,0,0,1.55,1
0.25,0.59,0.25,0,0.08,0.08,0,0.394,7.54,1
0,0,0,0,0,0,0,0.692,1.727,0
0,0,0,0,0,0,0,0,1.428,0
0,0,0,0,0,1.49,0,0,2,0
1.86,0,0,0,0,0,0,2.306,8.312,1
0,0.44,0.56,0,0,0,0,0.373,2.576,1
0,0,0,0,1.12,0,0,0.408,4.1,1
0,0,0.19,0,0,22.05,0.135,0,4.13,0
0,0,0,0,0,0,0,0,9.31,0
0,0,0,0,0,0,0,0,1,0
0,0,0,0,0,0.46,0,0,2,0
0,0,0.71,0.71,0.71,0,0,0,1.387,0
0,0,0,0,0,0,0,0,1.285,0
0,0,0,0.8,1.6,0.8,0.128,0,1.596,0
0,0,0,0,0,0,0,0,1,0
0,0,0,0,0,0,4.187,0.141,6.51,0
0,0,0,0,0,0,0,0.232,2.232,1
0,0,1.96,3.92,3.92,0,0,0,1.647,0
0.7,0.7,0,0,0,0,0,0.23,4.596,1
0,0,0,0,0,0,0,0,3.333,0
0,0,0,0,0.52,0,0,0,2.173,0
0.47,0,0.94,0,0,0,0,0.224,1.102,1
0,0,0,0,0,0,0,0,1.416,0
0,0,0,0,4.76,0,0,0,1.142,0
5.4,0,5.4,0,0,0,0,0.841,24.785,1
0,0,0,0,0,0,0,0.296,5.25,0
0,0,0,0,0,0,0,0,1.911,0
0,0,0,0,0,0,0.01,0,7.549,1
0,0,4.54,0,0,0,0,3.076,1.428,1
0,0,0,3.7,0,0,0,0.523,2.571,0
0,0,0,0,0,0,0,0,3.888,0
0.32,0,0.32,0,0.65,0,0,0,1.494,1
0,0,0,0,0,0,0,0,2.285,0
0,0,0,0,0.84,0,0.325,0,4.758,0
0.66,0,0.82,0,0,0,0,0.252,6.269,1
0,0,0,0,0.66,0,0.101,0.05,2.725,0
0,1.03,0,0,0,0,0,0.153,2.686,1
0,0,0,0,0,0,0,0,1,0
0,0,0,0,0,0,0,0.874,5.582,1
0.94,0,0,0,0,0,0,0.163,2.571,1
0,0,0.11,0,0.22,0,0.052,0.017,3.061,0
0,0,1.33,0,0,0,0,1.326,2.2,1
0,0,0,0,0,0,0,0,1.655,0
0,0,0,0,0,0,0,0,2,0
0,0,0,0,1.21,0,0,0,1.967,0
0,0,0.2,0,0,0,0,0,1.727,1
0,0,0,0,0,0,0,0.814,2.6,1
0,0,0,0,2.12,0,0,0,1.444,0
0,0,1.72,0,0,0,0,0.251,2.022,1
0,0,0,0,1.08,0,0,0,1.523,0
0,0,0.58,0,0,0,0,0,2.101,1
0,0,0,3.63,0,0,0,0,2.294,0
0,0,0,3.84,0,0,0,0,1.25,0
0,0,0,0,0,0,0,0,1,0
0,0,0,11.11,0,0,0,0,1,0
0,0,1.28,0,0,0,0,0.535,11.592,1
0,0.54,0,0,0.12,0,0.115,0,3.015,0
0,0,0,1.2,0,0,0,0.222,2.826,0
0,0,0,0,0,0,0,0,1.379,0
0,0,0.64,0.64,0,0,0.309,0,1.727,0
0,0,6.52,0,0,0,0,1.149,9.1,1
0,0,0.31,0,1.25,0,0,0.055,2.358,1
0,0,0,0,0,0,0,0,1,1
0,0,0,0,0,0,0.127,0,1.411,0
0,0,0,0,0,0,0,0,1,0
0,0,0,0,0,0,0,0.356,10.366,1
0.49,0,2.94,0,0.49,0,0.156,0.862,12.148,1
0.79,0,0,0,0,0,0,0.64,2.74,1
0,0.8,0,0,0,0,0.253,0,4.665,0
0,0,0,0,0,0,0,0,1.666,0
0,0,0,0,0,2.12,0,0,4.117,0
0,0,0,0,0,0,0,0.099,2.325,0
0,0,0,0,0,0.76,0,0,1.735,0
0,0,0,0,0,0,0,0.176,3.857,1
0,0,0,2.64,0.88,0,0,0,1.955,0
0.73,0.83,0.09,0,0.09,0.09,0,0.43,8.445,1
0,0,0,0,3.57,0,0,0,1.25,0
0,0,1.19,1.19,0,0,0.2,0.2,1.461,0
0,0,0,0,5.55,0,0,0,1,1
0,0,0,0,0,0,0.067,0,2.247,0
0,0,0,0,2.85,2.85,0,2.843,1.294,0
0,0,0,0,0,0,0,0,2.555,0
0,0,1.16,0,0,0,0,0.667,1.131,1
0,0,0,6.06,0,0,0,0,2,0
0.26,0,0,0,0,0,0.038,0.077,1.8,1
0,0,0,3.03,3.03,3.03,0,0,1.47,0
0,0,0,0,1.03,0,0,0,1.666,0
0,0,0,0,0,0,0,2.636,3.168,1
0,0,0,0,0,0,0,0,5.181,1
0,0,0,0,0,0,0,0.523,2.272,0
0,0,0,0,0,0,0,0,1,0
0,0,0,0,0,0,0,0,4.818,1
0,0,0,0,0.64,0,0.104,0.209,1.888,0
0,0,0.24,0.12,0.18,0,0,0.044,1.873,0
0,0,0,0,0,0,0,0,21.428,1
0,0,0,0,0.68,0,0,0,1.8,0
0,0,0,0,1.53,3.07,0,0,2.235,0
0,0,0,0,0,0,0,0,1.428,0
0,0,0,0,0,0,0,0,1,0
0,0,0,0,0.08,0,0.014,0,1.725,1
0,0,0,0,0,0,0,0,1,0
0,0.23,0.23,0,0,0,0,0.327,5.769,1
1.02,0,0,0,0,0,0,0.071,7.025,1
0,0,0,0,0.7,0,0,0.324,1.12,0
0,0.47,0.95,0,0.47,0,0,0.401,3.459,1
0,0,0,0,0,0,0,0,1.433,0
0,0,0,0,0,0,0,0,1.612,0
0,0,0,0,0,0,0,0,3.108,0
0,0,0,0,0,0,0,0,1,0
0,0,0.43,0,1.31,0,0,0.577,6.274,1
0,0,0,2.22,0,0,0,0,3.578,0
0,0,0,0,0,0,0,0.709,2.3,0
0.9,0,0,0,0,0,0,0,2.083,1
0,0,0,0,0,0,0,0,2.321,0
0,0,0,0,0,0,0,0,3.379,0
0,0,0,0,0,0,0,0,1.285,0
0.09,0.29,0.58,0,0,0,0,0.06,1.597,1
0.4,0,0,0,0.4,0,0,0.11,1.594,1
0,0,0,0,0,0,0,0,1.545,0
0.84,0,0,0,0,0,0,0.776,10.375,1
0,0.09,0,0,0.27,0,0.015,0.253,3.771,1
0,0,0,0,0,0,0,0,2.882,0
0,0,1.82,0,0,0,0,0.193,1.861,1
0,0,0,0,0,0,0,0,18,0
0,0,0.66,0,0,0,0,0.109,2.825,1
0,0,0,0,0,0,0,0,1,0
0,0,0,0,0,0,0,0,1.8,0
0,0,0,0,1.58,1.58,0,0,1,0
0,0,0,0,0,0,0,0.211,2.9,1
0,0,0,0,0,0,0,0,2.142,0
0,0,0,0.25,0.16,0,0.134,0,2.432,0
0,0.09,0,0,0,0,0.768,5.848,5.96,1
0,0,0,0,0,0,0,0,1,1
1.69,0.84,10.16,0,0,0,0,1.113,173,1
0,0,0,0,0,0,0,0,3.142,0
0,0,0,0,0,0,0.056,0,2.394,0
0,0,0,0,0,0,0.175,0,1.873,0
0,0,0,0,0,0,0,0,4.7,0
0,0,0.41,0,0.82,0,0,0.114,5.196,0
0,0,4.27,0,0,0,0,0.881,5,1
0,0,0,0,0,0,0,0,3.36,0
0,0,0,0,0,0,0,0,1,0
0,0,0,0,0,0,0,0,2.5,1
0.15,0,0.15,0,0,0,0,0.352,5.938,1
0,0,0,0,0,0,0,0,1.625,0
0.08,0.08,0.08,0,0.17,0,0,0.259,3.335,1
0,0,0,0.12,0,0,0,0.02,1.491,0
0,0,0,0,0,0,0,0,1.523,0
0.34,0,2.04,0,0,0,0,0.222,6.978,1
0.49,0.89,0.09,0,0.09,0.09,0,0.417,8.323,1
0,0,0,0.28,0,0,0,0,1.983,0
0,0,0.5,0,0.5,0,0,0.892,2,1
0,0,0,0,1.94,1.94,0.147,0,1.789,0
0.35,0,0.35,0,0,0,0,0.057,1.974,1
0,0.76,0,0.08,0,0,0.148,0,3.995,0
0,0,0,0,0.37,0.37,0,0.32,1.923,0
0,0,1.34,0,0,0,0,0,2.25,1
0,0,0,0,2.56,0,0,0,1.5,0
0,0,0,0,1.75,0,0,0.122,2.203,0
0,0,0,0,0.76,0,0,0,2.297,0
0,0.69,0,0,0,0,0.142,0,3.007,0
0.12,0,0.12,0,0,0,0.056,0.056,1.246,1
0.53,0.62,0.62,0,0.08,0,0,0.212,6.815,1
0.57,1.14,0.14,0,0,0.07,0,0.309,4.923,1
0,0,1.75,0,0,0,0,0.361,1.72,0
0,0,0.51,0,0.51,0,0,0.542,1.972,1
0,0,0,0,0,0,0,0,1.446,0
0,0,0,0,0.57,0,0,0,1.5,0
0,0,0,0,0,0,0,0,1.344,0
0,0,0.47,1.43,0.95,0,0,0,1.233,0
0,0,0,0,0,0,0,0,1.842,0
0,0,0,0,0,0,0,0,1,0
0,1.03,0,0,0,0,0.078,0,3.407,0
0,0,0,0,0.44,0,0,0,1.803,0
1.47,0,1.47,0,0,0,0,0.508,10.625,1
0,0,0.25,0,0.38,4.34,0.019,0,1.642,0
0,0,0,0,0,0,0,0.441,1.372,1
0,0,0,0,0,0,0,0,3,0
0.67,0.33,0.67,0,0,0,0,0.156,6.5,1
0,0.48,0.48,0,0,0.48,0,0.175,9.56,1
0,0,0,0,0,1.61,0,0,1.727,0
0.38,0,0.38,0,0,0,0,0.123,2.062,1
0,0,0.3,0,0,0,0,0.615,1.377,1
0.33,1.33,0.33,0,0.33,0,0,0.057,5.279,1
0.74,0,0.74,0,0,0,0,0.355,2.095,1
0,0,0,0,0,0,0.222,0.444,2.448,1
0,0,0,0,0,0,0.133,0,3.205,0
0,0,0,0,0,0,0,0,1,0
0.51,0,2.07,0,0,0,0,0.067,2.676,1
0,0,0,0,1.17,0,0,0.221,3.812,1
0,0,0.81,0.81,0.81,0.81,0,0,1.684,0
0,0.91,0,0,0,0,0.109,0,3.606,0
0,0,0,0,0,0,0,0,1,0
0,0,0,0,0,5.55,0,0,1,0
0,0,0,0,0,0,0,0,1,0
0,0,0,0,0,0,0.088,0,1.25,0
0,0,0,0,0,0,0,0,3.461,0
0.06,0,0,0,0,0,0.013,0.474,3.286,1
0,0,0,5,0,0,0,0,1.428,0
0,0.8,0,0,0,0,0,0.593,11.463,1
0,0,0,0,0,0,0,0,3.38,0
0.08,0.53,0.88,0,0.26,0.08,0.098,0.353,3.591,1
0,0,0,0,0,0,0,0.153,1.933,0
0.63,0,0.63,0,0,0,0.195,0.979,8.476,1
0,0,0,0,0.22,0.22,0,0,1.13,0
0,0,0,0,0,0,0,0,1.564,0
0,0,0,0,0,1.69,0,0,1.285,0
0,0,0,0,0.41,7.88,0.109,0.054,1.786,0
0,0,0,0,0,0,0,0,2,0
0,1.3,1.95,0,0,0,0.673,0.134,5.216,1
0,0,0,0,0,0,0,0.773,1,0
0,0,0,0,0,0,0,0,1.722,0
0.15,0.55,0,0,0,0,0.042,0.25,2.565,1
0,0.23,0.23,0,0,0,0,1.018,4.022,1
1.47,0,0,0,0,0,0.496,0,3.15,1
0.42,0,0,0,0,0,0,0,7,1
0,0.58,0.23,0,0.03,0,0.006,0.381,7.192,1
0.16,0,1.52,0,0,0,0,0.028,4.971,1
0,0,0.6,0.6,0,0,0,0,1.074,0
0,0,0,0,0,0,0,0.093,2.755,1
0,0,0,0,0,0,0,0,1,0
0,0.6,0.3,0,0,0,0,0.189,1.932,1
0,0,0.25,0,0,0,0,0.042,1.204,0
0,0.25,0,0,0,0,0,0.371,2.878,1
0,0,0,3.7,0,0,0,0,2,0
0,0,0.16,0,0,0,0,0,2.257,1
0,0,0,0,1.44,1.44,0,0.247,1.684,0
0,0.15,0.05,0,0.02,0,0.011,0,1.423,1
0,0.17,0,0,0,0,0,0,16.418,1
0,0,0,0,0,0,0,0.757,1.222,0
0,0.23,0,1.86,0,0,0,0.09,2.43,0
0.08,0.08,0,0,0,0,0,0.099,4.07,1
0,0.37,0,0,0,0,0,0.241,2.623,1
0,0,0,0,0,1.58,0,0,4.368,0
0,0,1.08,0,0,0,0,0.458,2.934,1
0.6,0.6,0.12,0,0,0.12,0,0.234,4.493,1
0,0.2,0.41,0,0,0,0,1.689,4.913,1
0.52,1.04,0.13,0,0,0.06,0,0.287,4.742,1
1.05,0,0,0,0,0,0,0.176,2.05,1
0,0,0,0,0,0,0,0.862,1,0
0,0,0,0.54,0.54,0,1.411,0,4.891,0
0,0,0,0,0,0,0,0,3.8,1
0,0,0,0,0,0,0.407,0.033,5.009,1
0,1.02,0,0,0.45,0,0.018,0.265,4.215,1
0,0,0,0,1.31,0,0,0.139,2.13,0
0,0,0,0,1.88,0,0,0,1.461,0
0,0,0.66,0,0,0,0.044,0.591,3.28,1
0,0.35,0,0,0,0.35,0,0,2.483,0
0.52,0,0,0,0,0,0,0.443,2.41,1
0,0,0.41,0,0,0,0,0,2.35,1
0,0.48,0.96,0,0.48,0,0,0.468,3.315,1
0.4,1.42,0.1,0,0,0,0,0.976,3.186,1
0,0,0,0,0,0,0,4.347,3,1
0,0.75,0,0,0.75,0,0,0,1.176,0
0,0,0,0,0,0,0,0,1.541,0
0,0,0,0,1.51,0,0.3,0,1.611,0
0,0,0,0,0.59,0,0,0.312,1.818,0
0,0,0,0,0,0,0,0,1.266,1
0,0.1,0,0,0.05,0,0,0.262,11.793,1
0,0,0.72,0,0.72,0,0,0.198,4,0
0,0,0,0,0,0,0,0,1.406,0
0.06,0.06,0,0,0.06,0,0.01,0.01,1.736,1
0,0,0,0,0,0,0,0.03,16.644,1
0,0,0.31,0,0.94,0,0,0,2.132,1
0,0,0,0,0,0,0,0,2,0
1.25,0,1.25,0,0,0,0.199,0.298,3.976,1
0,0,0,0,2.63,0,0,0,2.151,0
0,0,1.16,0,0,0,0.431,0.215,7.552,1
0,3.33,0,0,0,0,0,0.396,3.714,1
1.04,0,2.08,0,0,0,0,0,3.812,1
0,0.89,0,0,0,0,0,0.52,3.5,1
0,0,0,0,0.44,0.44,0,0,2.063,0
0,0,0,0,0.88,0,0,0,1.763,0
0,0,0,0,0,0,0,0,1,0
0,0.12,0.38,0,0,0,0,0.661,2.256,1
0.5,0,0,0,0,0,0,0.432,2.375,1
0,0,0,0,0,0,0,0,5.857,0
0.08,0.52,0.86,0,0.08,0.08,0.096,0.358,3.554,1
0,0,1.04,0,0,0,0,0.539,5.787,1
0,0,0,0,0,7.14,0,0,5.5,0
0,0,0,0,0,0,0,0,1,0
0,0,0,0,0,0,0.306,0.175,8.271,1
0,0.24,0.48,0,0,0,0,0.036,2.276,1
0,0,0,0,3.33,3.33,0,1.075,1.2,0
0,0.25,0,0,0,0,0,0.371,2.89,1
0,0,0.46,0,0,0,0.077,0,2.6,1
0,0,0,0,0,0,0,0,1,0
0,0,0.38,0,0,0,0,0.061,1.775,1
0,0.42,0.85,0,0,0,0,0.432,4.391,1
0,0,0,0,0,0,0.011,0,2.442,0
0,0,0.84,0,0,0,0,1.147,7.178,1
0,0,0,0,0,0,0,1.179,1.8,1
0,0,0,0,0,0,0,0.095,5.038,1
0,0,0,0,0,0,0,0,1.87,0
0,0,0,0,0,0,0,0,1,0
0,0,0,0,0,0,0,0,1.464,0
0,0,0,0,1.16,0,0.196,0,1.058,0
0,0,0.38,0,0.38,0,0,0.162,5.07,0
0,0,0,0,0,0,0,0,1.625,0
0,0,0,0,0,0,0,0.587,7,1
0,0.03,0.19,0,0.03,0,0.024,0.019,1.885,0
0.19,1.38,0.98,0,0,0,0,0.749,6.652,1
0,0,0,0,0,0,0,0.391,1.333,0
0,0.09,0,0,0.27,0,0.015,0.252,3.816,1
0,0,0,0,0,4.83,0,0,3.117,0
0,0,0,0,0,0,0,0,1.859,0
0,0,0,1.98,0,0,0,0,1.222,0
0,0,0,0,0,0,0,0,1,0
0,0,0,1.88,0,0,0,0.277,3,0
0,0,0,0,0,0,0,0,2,0
0,0,0,0,0,0,0,3.427,2.678,1
0.09,0.19,0.87,0,0,0,0,0.318,6.813,1
0,0,0,0,0,0,0,0,2.178,0
0,0,0,0,0,0,0,0.207,10.409,0
0,0,0,0,0,0,0,0,1.836,0
0,0,0,0,0,0,0,0,2.093,0
0,0,0,0,0,0,0,0,4.472,0
0,0,0,0,0,4,0,0,1.125,0
0,0,0.62,0,1.24,0,0,1.105,12.904,1
0,0.48,1.44,0,0,0,0,0.666,4.437,0
0,0,0,0,0.44,0,0.078,0,1.541,1
0.11,0.11,0,0,0,0,0,0.035,1.98,1